x1,x2,x3,x4,x5,x6,x7,x8,x9,y1
2,2,78.6,0,1,2,1,58,14,210
4,2,98,0,1,0,1,2337,18,433
2,1,58.1,2,1,1,1,25,18,255
4,2,118,3,0,1,0,2106,6,195
3,1,97.7,2,0,2,0,1533,7,150
3,2,115.94,2,1,1,1,47,5,570
3,2,102.72,2,1,0,1,80,19,630
2,2,73.3,2,1,0,1,873,21,310
3,2,92,2,1,1,0,64,14,203
2,1,61.9,0,1,2,0,28,12,205
2,2,79.34,3,1,0,0,40,8,540
4,2,132.63,3,1,2,1,1522,6,608
2,1,57.2,2,0,1,0,81,13,135
3,2,90.22,3,1,1,1,134,10,338
3,2,86.83,2,1,2,0,1230,12,440
3,2,92.45,3,0,1,0,691,13,200
6,2,370.12,3,1,1,1,51,2,2680
2,2,75.9,2,0,1,1,64,12,210
4,2,162,3,1,0,0,231,27,720
3,1,98.55,3,1,1,0,32,0,400
3,2,118.63,3,1,1,0,13,13,448
3,2,90.53,2,1,2,1,8,27,460
2,2,68.25,2,1,1,1,84,4,265
3,2,101.88,2,1,1,1,8,0,688
2,2,85.72,2,1,0,0,648,5,295
2,1,60.88,0,0,1,0,126,1,170
2,1,73.91,3,1,1,1,4,15,650
3,2,105,3,1,2,1,28,22,628
3,1,70,3,0,0,1,86,27,380
1,0,46.68,2,1,2,1,35,1,405
1,1,44.6,0,0,0,0,7,36,127
2,2,79.29,3,1,1,0,421,24,410
2,1,60.9,2,0,1,1,113,15,290
3,2,100.28,3,1,1,0,513,7,250
3,2,90.9,2,1,1,0,560,7,270
2,2,46.6,0,0,2,1,141,29,142
3,2,102,3,1,0,0,26,30,378
3,2,91.87,3,1,1,1,12,1,498
3,2,82.03,0,1,0,0,3,4,305
4,2,140.89,2,1,0,1,52,0,709
3,2,84.9,2,0,1,0,28,12,208
3,1,74.27,2,0,1,0,1585,21,142
2,1,66.46,0,1,1,0,13,8,245
2,1,60.26,2,0,0,0,861,10,200
3,2,145,3,1,0,1,45,11,580
3,2,96.79,0,1,2,1,4,4,438
3,2,104.64,2,1,2,1,435,3,520
2,2,58.13,2,0,0,1,9,9,340
3,2,102,3,1,1,1,44,20,638
3,1,85.03,3,0,2,1,579,1,308
2,1,59.08,2,0,1,0,164,20,168
3,2,90.09,3,1,0,1,224,4,579
3,2,138,2,1,1,1,124,0,730
3,1,84.53,2,0,2,0,12,8,220
3,2,84,2,0,1,1,25,6,500
2,1,75.44,0,1,0,1,40,11,330
2,1,50.96,2,0,0,0,101,8,135
2,1,59.42,3,1,1,0,60,2,190
3,2,128.6,3,1,1,1,39,0,580
2,1,48.12,0,0,0,0,22,11,120
3,2,95.9,3,0,2,0,173,3,210
3,2,136.91,3,1,1,1,3,3,790
3,2,124.61,3,1,2,1,1,1,665
2,1,64.9,2,0,1,1,12,5,230
3,2,96,3,1,2,0,457,0,420
2,1,73.52,2,0,1,1,340,0,340
3,2,80.48,2,1,2,0,43,24,399
2,2,75,2,1,0,1,167,0,290
2,1,90.4,3,1,2,1,30,19,508
2,1,63.01,2,1,1,1,8,1,450
3,2,90.21,3,1,0,1,72,0,210
4,2,135.72,0,1,0,1,25,3,900
3,2,128.22,0,1,2,0,12,2,620
3,2,118.7,3,0,0,0,110,9,250
2,2,70.48,3,1,1,0,11,24,238
3,1,166,2,1,1,1,78,11,895
3,2,102.42,2,1,0,1,79,0,475
2,2,76.64,3,0,2,0,27,8,218
3,2,106.14,2,0,2,1,325,0,198
3,2,108.33,3,1,2,1,61,5,980
2,1,93,3,1,1,1,8,0,668
2,2,95.9,0,1,1,0,320,2,240
2,2,80,3,1,1,0,15,2,318
2,1,45.55,2,0,2,1,4,0,189
3,2,108.97,1,1,2,1,8,1,260
2,2,84.84,3,1,0,0,705,12,480
2,1,92.36,1,1,1,0,50,3,185
3,2,102.46,3,1,1,0,23,6,355
3,2,129.51,3,1,2,1,80,9,1010
3,2,129.51,3,1,2,1,80,9,1010
3,2,87.49,3,0,1,1,17,7,590
2,1,56.43,2,0,1,1,419,8,125
2,1,65.22,0,0,2,0,23,6,230
1,1,32.84,0,0,1,1,35,5,103
2,1,75.43,0,0,0,0,7,14,245
3,2,91.7,2,1,1,1,99,12,385
3,2,99.25,2,0,0,0,74,16,298
3,2,102.95,2,1,0,0,46,10,640
2,1,63.38,0,1,1,1,52,32,252
4,2,90,3,1,2,1,111,7,300
2,2,75.75,0,1,0,1,119,2,370
2,2,78.44,3,1,2,1,26,5,310
2,2,71.21,3,1,1,0,206,5,160
3,2,120.78,0,1,2,1,6,10,920
3,1,84.7,3,0,1,0,123,16,168
3,1,96.04,0,1,1,1,1,0,450
4,2,131.08,0,1,0,0,2,0,520
2,1,42.16,0,0,1,0,2,1,140
2,1,77.32,0,0,2,1,7,1,263
3,1,92.99,0,1,2,1,6,1,325
4,2,136.91,3,0,2,0,95,1,260
3,2,129.82,3,1,1,1,30,1,518
3,2,92,0,1,1,1,17,1,380
3,2,98.46,3,0,1,0,209,2,588
3,1,78.85,2,0,1,0,33,7,395
2,1,48.17,2,0,1,1,15,10,150
3,2,113.84,2,1,0,1,66,2,375
1,1,40.74,1,0,0,1,66,8,183
5,2,86,0,1,0,1,65,5,305
2,2,72.54,2,1,1,1,196,24,465
2,2,86.02,2,1,1,0,26,24,565
3,1,98.76,2,1,2,1,87,23,460
2,2,76,0,1,0,0,124,1,305
2,1,65.09,2,0,1,1,318,2,249
2,1,53.12,3,0,1,1,137,0,260
3,1,96.19,3,1,0,1,208,2,398
3,2,101.46,3,1,1,0,88,3,538
3,2,93.62,3,0,2,0,60,12,222
2,2,60.7,3,0,0,0,52,21,165
3,2,84.36,3,0,2,1,46,17,218
3,2,125.11,0,1,1,1,31,0,680
3,1,80.91,0,0,2,0,114,1,210
2,2,86.44,2,1,1,1,102,8,389
3,1,75.11,2,0,2,1,95,5,250
3,1,76,2,0,0,0,34,37,205
3,2,92,0,1,1,1,34,34,455
1,1,34.14,3,1,1,1,49,29,156
2,2,69.28,0,1,2,1,35,40,295
3,2,136.45,0,1,0,0,14,0,380
1,1,35.91,0,0,2,1,118,4,95
3,1,85.24,2,1,0,0,22,2,285
2,1,84.83,2,1,1,1,63,2,290
4,2,131,3,0,2,0,82,2,223.2
2,2,70.53,0,1,0,0,89,1,233
1,1,38.61,0,0,1,1,41,4,118
3,1,95.35,2,1,0,1,7,7,435
2,2,80,0,1,1,0,4,13,520
2,2,64.03,0,0,0,1,19,11,260
2,2,73.62,3,1,0,1,47,2,285
2,2,68.47,3,1,0,0,45,1,255
2,2,76.97,2,1,1,1,66,1,345
2,1,60.26,3,0,1,0,43,1,173
3,1,93.14,3,1,1,0,80,1,206
2,2,77.47,3,1,2,1,10,0,570
3,2,91.59,2,0,0,0,775,4,273
2,1,80,2,0,0,1,31,17,310
3,2,79.83,0,0,2,0,49,7,398
2,2,57.6,2,0,1,0,25,21,159
3,2,100,3,1,1,0,40,5,250
2,2,92.63,3,1,1,0,296,2,203
3,2,86,2,1,1,0,25,5,325
2,1,68.1,2,0,1,0,167,0,135
4,2,102.3,0,0,0,0,0,0,200
3,2,108,0,1,1,1,3,0,680
3,2,102.41,0,1,2,1,8,1,480
2,2,80.99,2,0,0,0,20,5,143
2,1,60.55,0,0,2,1,14,0,210
3,2,92.46,3,1,2,0,7,0,236
3,2,100.57,3,1,0,0,13,0,250
3,2,107,0,0,1,0,22,1,320
4,2,90,3,1,2,1,86,3,300
2,2,69.6,3,1,2,0,20,0,425
3,2,118.36,2,1,0,0,31,6,650
3,2,139,2,1,2,1,57,8,825
2,1,79.87,3,1,0,0,31,3,268
2,1,75.63,2,0,2,0,76,0,155
3,2,77,2,0,2,0,24,19,235
2,2,83,2,1,1,1,22,8,310
2,1,83.15,3,1,1,0,45,11,220
3,2,120,2,1,2,1,12,1,800
2,2,88,3,1,1,0,168,0,490
3,1,109.08,2,1,1,1,568,7,280
2,2,91.66,2,1,2,1,12,6,550
1,0,30.7,3,1,2,0,22,13,198
3,2,102.4,2,0,2,1,21,0,360
2,2,76.5,2,0,1,1,597,6,203
1,0,44.95,2,1,1,0,19,7,202
1,1,36.84,2,1,1,1,2,7,215
2,1,67.76,0,0,1,1,12,5,170
3,2,110.83,3,1,2,0,1,10,425
2,2,61.72,0,1,2,1,8,5,365
2,2,71.26,3,1,2,0,105,7,280
3,2,101.1,3,1,0,0,35,0,245
3,2,93.62,3,1,1,0,25,2,410
2,1,74,2,0,2,1,88,6,199
3,2,102.01,3,1,0,0,11,2,540
3,2,98,3,1,0,0,16,1,366
2,1,60.53,2,0,0,1,63,2,305
2,2,62.1,2,1,1,1,3,1,485
2,2,68.09,2,1,1,1,73,6,327
3,2,97.24,3,1,0,1,113,2,860
2,2,66.64,2,0,0,0,50,1,220
2,1,45.28,0,0,2,1,147,1,200
2,2,73,2,1,1,1,28,0,300
2,1,54.86,2,0,0,1,265,29,175
3,2,94.61,3,1,1,0,27,4,215
1,1,92.63,3,1,1,1,11,1,515
2,2,104.81,2,1,0,0,0,0,220
2,2,71.67,0,0,2,0,2,0,200
2,1,63,0,0,1,0,13,47,178
2,1,72.07,2,1,0,1,10,2,310
1,1,35,0,1,0,1,29,2,275
2,2,61.69,2,0,1,1,98,10,209
2,1,63,2,0,0,0,46,6,170
4,2,128,3,1,2,0,23,13,998
3,2,94.53,3,1,1,0,5,0,233
7,1,85.87,0,1,0,0,96,21,134
2,2,95.8,0,1,1,0,5,9,450
2,1,72.4,0,0,1,0,32,6,190
1,1,46.02,2,0,1,0,53,4,175
2,1,46.29,2,0,0,0,24,4,145
2,2,43.08,0,1,0,1,162,3,193
3,1,79.43,0,1,2,1,11,7,360
2,1,54,0,0,1,0,16,6,150
2,2,54.97,0,0,2,1,87,5,140
3,1,64,0,1,0,0,32,6,175
4,2,152.21,0,1,1,1,21,24,1250
3,2,120.78,0,1,2,1,30,32,880
3,2,105.68,3,1,0,0,13,0,300
3,2,84.32,3,1,1,1,0,0,535
3,2,88.1,2,0,1,0,3,3,230
2,1,58.4,2,1,2,0,15,3,118
2,2,128,2,1,2,0,11,2,766
5,2,144.26,2,1,0,1,27,1,920
3,2,136.38,0,1,0,0,8,1,350
4,2,246.21,0,1,1,0,22,2,560
3,2,103,0,1,2,0,57,2,270
3,2,102.41,0,1,2,1,61,1,490
3,2,145.96,0,1,2,0,28,1,375
3,2,98.25,1,1,2,0,45,2,285
3,2,87,2,1,1,1,104,1,390
2,1,58.4,3,0,2,1,68,3,320
3,2,112,2,1,0,1,86,4,480
3,2,85,0,0,2,0,7,3,300
2,1,80.98,2,1,1,1,84,1,460
4,1,82,2,0,2,0,17,1,360
2,2,71.99,2,1,1,0,32,16,275
3,2,132.5,0,1,0,1,544,5,1090
3,2,93.13,2,0,0,0,62,1,493
2,1,65.17,2,0,1,1,16,0,350
3,1,97.55,3,1,2,0,14,0,330
2,1,65.4,2,0,1,1,73,0,190
2,1,61.5,2,0,1,0,10,0,175
2,2,79,2,0,2,0,4,0,295
2,1,67,2,0,2,1,18,0,206
3,1,82.69,2,0,2,0,52,0,188
2,2,65,3,1,2,0,22,0,253
1,1,43.35,0,0,2,0,41,0,133
3,2,89.66,2,1,0,0,27,11,445
2,1,53.15,3,0,2,1,91,8,150
2,1,50.11,3,1,1,1,7,9,215
3,2,82.9,3,1,0,1,142,12,295
2,1,79.65,2,1,0,0,70,15,310
4,2,105,0,1,0,0,32,15,357
1,1,46,3,1,1,1,62,1,243
3,1,73.72,3,0,1,0,716,39,135
2,2,61.63,2,0,1,1,25,29,230
2,2,78.8,0,1,1,1,2,19,265
2,1,72.7,0,0,0,0,14,19,225
2,2,43.78,3,0,1,0,119,21,150
2,2,77.83,2,0,2,0,8,3,215
2,2,63.18,2,0,2,0,7,3,208
2,2,65.99,2,1,1,1,18,26,158
3,1,100.66,2,0,1,1,0,2,270
2,1,56.6,3,0,2,1,21,2,195
2,2,78.41,2,1,0,0,5,1,199
7,1,77.7,0,1,0,0,127,20,116.6
1,0,36,2,1,0,1,125,1,118
3,2,95.06,2,1,0,0,36,0,450
3,1,100,2,1,1,0,111,3,435
2,2,87.74,0,1,1,0,5,0,210
2,1,78.5,0,1,0,1,9,7,299
3,1,64.5,2,0,2,1,85,10,184
3,2,99,2,1,0,0,24,24,215
2,2,92.7,0,1,1,1,8,6,300
2,1,47.35,0,1,1,1,83,3,238
2,1,60,0,0,2,0,8,5,220
3,2,94.56,3,1,0,0,19,6,278
3,2,75.1,3,0,2,0,17,18,216
2,1,48.44,3,0,1,1,13,18,218
2,2,98,3,1,2,0,37,0,220
7,2,204.1,0,0,2,0,130,0,500
2,1,64.17,3,0,2,0,58,13,155
3,2,106.7,0,1,0,0,48,11,630
4,2,158,0,1,1,1,33,0,950
2,1,66.2,0,1,0,0,422,12,165
2,1,64,0,1,1,0,30,9,260
4,2,108.7,0,1,2,0,137,0,370
3,2,103,1,1,2,0,27,0,240
3,2,103,1,1,2,0,27,0,240
1,1,37.89,0,0,0,0,88,1,120
3,2,112.13,3,0,2,0,187,14,430
4,2,76.67,0,1,2,0,24,0,310
3,2,99,0,1,2,1,79,0,325
2,2,75.22,3,0,1,1,4,0,400
3,2,104,2,1,0,1,34,0,295
3,1,93,3,1,2,0,31,11,280
2,2,74,2,0,1,1,30,13,498
3,2,123.18,3,1,1,0,66,7,488
2,1,70,2,1,1,1,83,14,300
2,1,80,2,1,2,0,52,20,240
3,2,105.94,2,1,1,1,72,0,420
3,1,62.73,2,0,1,1,64,16,228
2,1,49.98,2,1,0,0,289,16,158
2,2,73,2,1,0,1,154,11,216
3,2,162,0,0,0,1,58,0,567
3,2,114,2,1,1,0,34,0,342
2,1,68.18,0,0,2,0,69,16,165
3,2,75.93,3,0,1,1,142,11,225
4,2,153,2,1,2,1,72,0,880
4,2,165,0,1,1,1,15,0,950
2,1,60,3,0,0,1,60,16,168
2,1,69.07,2,1,0,1,89,11,235
3,2,102.41,2,1,0,1,62,0,450
3,1,94,0,0,0,0,38,0,280
3,2,96.46,2,0,1,0,99,18,224
3,1,66.6,2,0,2,0,36,0,190
2,1,48.6,3,1,2,1,282,12,170
3,2,116.45,3,1,1,1,609,15,518
2,2,80.8,0,1,1,1,51,2,556
2,1,54.66,3,0,0,0,138,16,146
2,1,69.6,0,1,1,0,3,0,450
3,2,120.22,3,1,1,1,9,0,720
2,2,107,3,1,1,1,6,0,535
2,1,61.96,2,0,1,0,59,15,205
2,2,68,2,1,1,0,10,0,255
2,1,62.66,0,1,1,1,42,17,410
3,2,93.93,2,1,0,1,14,12,740
2,2,73.23,2,1,0,1,20,9,210
2,2,72,3,1,0,0,22,0,276
2,1,51.64,2,0,2,1,26,0,168
2,2,88.38,0,1,2,1,0,0,425
3,2,107.33,0,1,2,0,0,0,255
3,2,113,0,1,2,1,2,0,470
2,1,57.69,2,0,2,1,3,0,240
2,2,90.6,0,1,2,1,0,0,370
3,2,102.34,0,1,1,1,0,0,420
2,2,52.22,0,0,2,0,4,0,205
3,2,70.85,0,1,0,1,0,0,270
2,1,87.78,0,1,2,1,0,0,480
2,2,73,0,1,1,1,6,0,290
2,1,48.19,0,0,2,0,5,0,125
2,1,53.87,2,1,1,0,4,4,173
2,2,62.18,3,1,1,0,6,1,220
4,2,96.14,3,1,2,0,13,6,235
3,2,93.13,2,1,2,0,9,0,238
5,2,83.48,0,1,2,1,32,3,330
2,2,82.06,0,1,0,1,92,5,260
3,2,98.21,0,1,1,1,32,2,726
3,2,109.46,3,1,1,1,33,24,550
3,2,93.02,0,0,0,1,41,5,307
3,2,110.33,3,1,2,1,59,4,578
4,1,107,2,1,1,1,69,2,580
2,2,66,3,1,0,1,109,4,155
2,2,83.78,3,1,1,1,86,1,315
3,2,129,3,1,1,1,30,1,620
4,2,140.09,0,1,0,0,40,1,430
3,2,79.46,0,0,0,1,35,1,348
2,2,69,3,1,1,0,50,1,260
2,2,68,3,1,1,0,32,1,250
3,2,102.12,2,1,1,1,57,0,485
3,2,95,0,1,1,1,14,1,400
3,1,82.03,0,1,0,0,55,22,280
2,2,72.73,0,1,0,1,23,11,290
4,2,233,3,1,2,0,6,10,950
3,2,207,3,1,2,1,44,5,1967
1,1,42.53,2,1,1,1,3,7,300
2,2,74.47,2,1,2,1,24,6,560
2,1,72,2,1,2,1,22,4,200
1,0,39,3,1,0,1,19,7,172
2,1,62.34,2,0,2,0,48,5,240
3,1,105.5,0,0,1,0,21,2,260
2,2,81.97,0,1,1,1,7,3,210
2,2,63.91,3,0,1,0,28,3,195
2,2,73.52,0,1,0,1,11,1,360
2,2,62.25,0,1,2,0,77,3,173
2,1,36.04,0,1,0,0,24,3,125
2,2,80.36,0,1,2,1,17,3,320
3,2,83,3,1,2,1,40,1,320
2,1,80.27,0,1,1,1,10,5,320
3,2,95.92,0,1,2,0,1,1,235
3,2,93,0,1,2,0,62,2,180
1,1,42.77,0,0,2,0,45,6,85
2,1,46.83,2,0,1,1,29,25,178
2,1,46.07,0,0,1,0,26,3,149
2,1,55,0,0,2,1,26,3,162
3,1,80,0,1,1,0,0,2,275
2,2,58.69,0,0,2,1,19,3,148
3,1,77.76,0,0,0,1,18,9,225
3,2,78.65,0,0,1,1,3,2,236
2,1,72.79,0,0,1,1,7,0,239
3,2,104.73,3,1,0,0,5,1,830
1,1,42.74,3,1,2,1,5,1,190
2,1,72.43,3,1,2,1,5,1,347
1,1,39.11,2,0,2,1,2,1,170
3,2,107.05,0,1,1,0,22,0,255
4,2,122.56,3,1,2,1,68,3,555
2,2,70.6,3,1,2,1,123,1,380
3,2,112.77,3,1,2,1,28,4,538
3,2,72.22,2,0,1,0,33,15,185
3,1,66.37,2,0,1,1,14,6,200
4,2,62,0,0,0,0,2,10,238
3,2,99.25,0,1,1,0,30,0,255
2,2,93.96,3,1,2,0,268,2,206
3,2,112.75,2,1,0,1,1,0,715
2,1,54.67,1,0,1,1,65,12,178
4,2,177.95,0,1,2,1,21,0,1200
2,1,75.88,2,0,1,1,117,0,375
3,2,118.95,2,0,0,0,11,0,575
3,2,118.81,2,1,1,0,56,0,710
3,2,102,2,1,1,1,40,0,610
2,2,77.57,3,1,2,0,34,6,450
2,1,64.26,2,1,2,1,151,11,245
3,1,71,0,1,0,1,200,0,260
3,2,118.53,3,1,0,1,33,0,600
3,2,91.79,3,1,2,0,15,17,430
2,1,77.82,3,1,0,1,23,0,600
2,2,69.91,2,1,2,1,114,10,400
2,1,73,2,1,1,0,70,15,398
3,2,137.1,0,1,0,1,5,2,680
3,1,102,3,1,0,1,20,6,580
2,1,63.86,0,0,2,0,40,12,150
3,2,93.37,2,0,1,1,14,11,297
3,2,148.5,3,1,2,1,26,0,1350
2,1,54.23,0,0,2,0,103,14,160
3,2,96.39,0,0,0,0,9,1,265
3,2,92.4,2,0,1,0,7,13,283
2,2,77.2,0,0,1,1,3,9,300
2,1,69.6,2,0,1,0,12,13,153
3,2,103,3,1,0,1,2,1,515
3,1,78.24,0,0,1,1,29,2,300
2,1,76.07,0,0,0,0,11,15,228
5,2,198.72,3,1,2,1,7,1,1400
2,2,63,2,0,0,0,4,4,190
3,2,92.74,2,0,1,1,2,0,270
2,1,78.46,2,0,2,0,6,0,185
3,2,100.36,0,1,0,0,0,0,350
3,2,145.25,3,1,0,1,53,0,680
3,2,99.45,0,1,0,0,2,0,250
2,2,96.84,0,1,0,1,11,5,630
3,2,99.01,2,1,2,0,11,2,390
3,2,130.36,0,1,1,1,30,0,265
2,1,66,3,1,1,1,206,4,163
4,2,138,0,1,2,1,76,4,690
3,2,114,3,1,0,1,53,0,495
3,2,95.77,0,1,1,0,2,1,230
2,2,67,2,1,0,0,23,2,270
3,1,75,0,0,2,1,38,1,170
2,2,56.51,0,0,2,1,94,4,145
3,2,110,0,0,2,0,1,5,350
2,1,64.08,0,1,0,1,22,4,226
2,2,70.18,0,0,1,1,47,4,200
3,2,120,0,1,1,1,16,3,605
3,2,105,2,1,0,1,19,1,510
4,2,107,0,0,1,0,54,1,220
2,2,73.3,2,1,2,0,38,6,250
3,2,92.88,2,0,2,0,35,6,215
3,2,120.56,3,1,2,1,108,1,625
1,1,39.18,3,1,2,1,24,0,218
2,2,69.89,0,0,1,0,3,22,200
3,2,39.25,0,0,0,1,94,22,168
3,2,92.14,2,0,2,1,24,4,490
2,1,54.6,2,0,1,1,60,22,120
2,1,66,3,1,1,0,6,21,220
3,1,84.98,2,1,2,0,28,5,292
1,1,52.51,0,1,0,0,10,0,95
2,2,52.7,3,0,0,0,2,1,200
2,1,75.98,0,0,1,1,4,5,390
3,2,101.48,2,0,1,0,1,0,370
3,2,101.48,2,0,1,0,1,0,370
3,2,78.3,3,0,2,0,2,0,309
2,2,84.97,3,1,0,0,70,0,208
4,2,133.45,3,1,1,1,34,4,300
2,1,63.73,3,1,0,0,73,13,380
5,2,575.06,0,1,0,0,0,0,1000
4,2,139.81,3,1,0,0,4,0,376
3,2,91,3,1,1,0,69,7,240
5,2,178.57,3,1,2,1,17,0,750
3,1,74.96,2,1,2,1,16,3,368
3,2,86.29,3,1,2,1,10,0,520
4,2,122.12,0,1,1,1,10,0,485
3,2,111.63,0,1,1,1,17,0,680
3,2,95.63,0,0,2,0,5,0,360
3,2,100.69,0,1,2,1,12,0,286
3,2,113,0,1,1,1,10,0,450
3,2,98.67,3,1,2,0,28,9,690
4,2,194.05,3,1,2,0,20,1,768
2,2,80.64,0,1,2,0,7,1,225
3,2,134.39,2,1,1,1,4,2,790
3,2,86.96,3,1,0,0,7,2,430
2,2,69.29,2,1,1,1,50,7,380
3,2,84.48,0,1,1,0,3,0,210
3,1,111.6,2,1,2,0,19,1,330
1,1,52.52,0,1,2,1,18,0,180
2,2,52.65,0,0,2,0,30,0,125
3,1,92.47,0,1,1,1,32,4,550
2,1,59,0,0,2,1,27,1,140
2,1,75.8,0,0,1,1,6,1,340
2,2,72.93,0,0,2,1,2,1,430
2,2,97.34,0,1,2,0,0,1,210
2,2,87.18,0,1,1,0,0,0,270
1,1,46.15,0,1,2,1,2,0,178
2,2,77.61,3,1,0,0,18,7,249
2,1,89.1,0,1,0,1,4,0,265
3,1,84.36,0,0,1,0,4,0,210
2,2,85,0,1,1,1,0,0,320
2,2,72.12,0,0,0,0,6,0,206
3,2,90.14,0,0,2,1,8,0,225
3,1,58.11,0,0,1,0,0,0,175
2,2,76.45,0,1,0,0,11,0,250
2,2,52.5,0,0,1,0,23,0,150
3,2,91.95,0,1,1,1,5,0,370
2,2,78,0,1,0,1,6,0,295
3,1,95.14,0,1,1,1,3,0,400
3,2,78.79,2,1,2,0,1,0,260
3,2,108,0,1,1,1,1,0,440
3,1,76.57,0,1,1,1,2,0,275
4,2,101,0,1,0,0,4,0,435
3,2,92.6,0,1,2,0,0,0,225
3,2,122.01,3,1,1,0,11,1,580
3,2,137,0,1,2,0,8,4,1100
5,2,240.69,3,1,2,0,10,1,1200
2,1,75,0,1,0,1,0,2,360
3,2,229.29,2,1,2,1,3,1,1032
3,2,109.4,3,0,1,0,0,1,290
3,1,94.01,2,0,0,0,1,0,390
3,2,69.97,3,0,2,1,1,0,230
2,2,84.94,2,1,2,1,0,0,240
2,1,69.4,2,0,2,1,5,0,174
1,1,36,3,1,1,0,1,0,140
3,2,92.53,3,0,1,0,21,6,210
3,1,76,2,1,2,1,154,9,280
3,2,95.11,3,1,0,1,25,7,440
3,2,87,3,0,1,0,29,7,380
2,2,65,2,1,1,1,9,10,472
3,2,97.36,3,1,2,1,80,5,706
2,1,75,2,1,2,0,46,8,246
2,1,75.16,0,1,2,1,74,5,350
2,2,90.31,2,1,0,0,19,0,195
2,1,71.78,2,1,2,1,253,6,165
2,1,49.06,2,0,0,1,25,6,175
3,2,85.49,2,1,0,0,95,6,499
2,1,66.29,2,1,0,0,1351,7,177
3,2,116.8,3,1,2,1,73,5,460
3,2,91.6,0,1,0,0,152,7,238
2,2,94.83,0,1,1,1,47,6,445.7
2,1,78,0,1,2,0,333,4,130
2,2,77,0,1,0,1,16,5,408
1,0,25.97,3,1,1,1,114,0,90
3,1,92,0,0,1,1,37,7,280
2,1,53,2,0,1,0,16,6,166
2,2,76.66,3,1,0,0,3,7,500
2,1,76,3,1,0,0,74,5,298
3,2,69.14,2,0,0,1,147,6,245
2,1,74.53,2,1,0,0,11,10,245
2,1,64.15,2,1,2,0,23,8,220
1,0,39.87,0,1,0,1,36,9,260
2,2,63.62,2,0,0,1,29,7,215
3,2,105,0,1,1,1,31,6,725
3,2,108.2,0,1,0,0,47,9,540
3,1,71.27,3,1,0,1,210,5,380
3,2,97.94,0,1,0,0,113,9,439
2,1,76.3,2,1,1,1,113,6,185
3,2,110,3,0,2,1,141,0,240
1,1,33.42,3,0,2,0,145,0,80
3,2,103.07,3,1,0,1,62,0,380
3,2,130.32,0,1,2,1,39,0,769
1,1,45.7,2,1,2,1,25,0,150
3,1,95.53,2,1,2,1,198,11,250
1,2,47.41,3,1,0,0,122,0,170
3,2,96.21,0,1,1,1,30,0,538
1,1,45.4,0,1,0,0,16,0,240
3,2,93.86,3,1,1,0,59,12,182
1,2,70.81,2,1,1,1,1,3,398
3,1,91.86,0,1,2,1,6,7,430
2,1,51.82,3,1,2,1,46,11,215
3,2,90.06,0,1,1,1,5,0,580
4,2,146,0,1,1,1,0,0,580
3,2,92.77,3,1,2,1,26,7,300
4,2,154.6,0,1,2,0,6,0,465
2,2,74.85,2,1,1,0,100,1,128
3,2,139.52,2,0,2,0,18,0,330
5,2,154,0,0,2,1,25,0,580.3
4,2,89.79,3,1,0,0,31,0,283
3,2,156,0,1,1,1,38,2,830
2,2,105.17,0,1,1,1,6,1,330
3,2,113,0,1,1,1,4,0,442
3,2,133.01,0,1,2,0,49,0,340
3,2,106.3,0,1,0,0,8,0,300
2,1,61.69,3,0,1,0,86,5,205
3,1,80,3,1,2,1,37,4,310
1,1,33.47,3,0,2,0,81,7,105
3,2,97.86,0,1,2,1,3,0,595
2,2,74.05,0,1,2,1,31,5,365
3,3,122.66,0,1,2,1,3,0,450
4,2,168.32,0,1,1,0,7,0,850
3,2,92.6,2,0,0,0,13,1,193
3,2,145.3,0,0,2,0,8,0,290
2,1,65.67,3,1,0,0,103,35,140
5,3,214.5,0,0,2,0,2,0,680
2,2,92.77,0,1,0,1,30,9,280
2,2,72.05,2,1,0,1,33,25,630
2,2,47.64,0,0,0,0,48,6,158
2,2,56.12,3,0,0,0,580,37,193
3,2,133,0,1,0,1,2,0,480
3,2,124.6,3,0,2,1,28,4,225
3,2,80.2,3,1,0,1,10,5,355
1,0,22.32,0,0,0,0,17,25,58
3,2,131,3,1,1,0,1,1,395
2,1,60.07,0,0,1,0,7,1,210
3,2,102,2,0,1,0,13,4,280
3,2,106.11,2,1,2,1,66,2,410
3,2,127,3,1,0,1,112,3,1350
3,2,109,3,1,0,0,303,3,750
4,1,143.87,3,1,2,1,104,1,760
4,2,131,2,0,2,0,171,1,435
3,2,113.12,0,1,0,0,29,1,395
3,2,92.26,3,1,1,1,95,3,385
4,2,150.68,3,1,0,0,46,1,838
3,2,101.52,3,1,0,1,70,1,456
4,2,249.58,1,1,0,1,26,2,1200
3,2,157,3,1,1,1,50,2,795
3,2,91.22,0,1,1,1,106,2,415
3,2,121.02,0,1,1,0,143,4,460
3,2,101,3,1,0,1,95,2,368
3,2,192,2,1,2,1,49,4,2450
3,2,111.16,2,1,2,0,23,2,750
4,2,176.42,3,1,0,1,36,1,1000
3,2,96,3,1,0,1,45,4,425
3,2,91,3,1,0,1,101,1,350
3,2,108,0,1,0,0,39,0,450
3,1,92,0,1,1,0,38,1,400
3,2,109,0,1,1,1,96,1,608
6,1,145.7,2,1,0,0,98,2,385
3,1,86.4,2,0,1,0,4,0,156
2,2,105.89,3,1,0,0,4,0,266
2,1,40.45,2,0,1,1,36,0,220
3,1,70,0,0,2,0,13,0,198
3,2,93.66,0,0,1,0,6,0,222
3,2,94.32,2,1,0,0,99,0,200
3,2,94.11,0,1,1,0,4,0,230
3,2,97.78,0,1,0,1,15,0,245
1,1,46.64,0,0,1,0,24,7,120
2,1,64.14,0,1,1,1,5,0,192
2,2,79.46,2,1,0,0,2,0,230
3,2,100.41,3,1,0,0,8,0,245
3,2,91.69,2,1,0,0,25,10,280
2,1,64.17,3,1,0,0,7,17,225
2,1,44.13,0,1,1,1,21,8,165
1,1,26.46,3,0,1,1,26,12,113
1,1,39.11,3,0,0,1,17,12,195
3,2,72.22,2,0,1,0,33,17,185
1,1,42.75,3,0,0,0,19,8,158
3,2,135.22,3,1,0,0,5,0,320
4,2,284.54,0,1,0,1,14,2,1350
1,1,50.49,3,1,1,0,431,11,87
3,2,138,2,0,1,0,28,2,600
4,2,100.1,3,1,1,0,17,1,320
3,2,116.37,2,1,2,1,8,5,830
1,1,54.44,2,1,1,1,29,13,380
5,2,159.77,3,1,1,1,67,1,580
3,2,112.82,3,1,0,0,4,1,350
4,2,136,2,1,1,1,20,2,620
3,2,104,0,1,1,1,12,1,315
1,1,40.25,2,0,1,0,52,15,134
2,2,81.66,0,1,1,0,29,0,192
3,2,105.6,3,1,2,0,21,12,310
3,2,92.46,0,1,2,0,11,0,240
2,1,61,2,1,1,1,13,7,275
2,2,76.62,3,1,2,1,34,13,276
3,2,102.09,3,1,0,0,25,12,308
4,2,145.5,0,1,2,0,2,1,480
2,1,40.49,0,0,0,1,22,0,100
2,1,71.49,2,0,1,1,4,3,188
1,1,37.49,2,0,0,1,28,1,105
2,1,56.77,0,0,2,1,20,1,158
3,1,76.08,2,1,1,1,1,2,325
3,1,90.15,0,0,0,0,1,4,290
3,1,92.55,0,0,2,0,0,1,300
4,2,92.55,0,0,1,1,1,1,318
2,2,92.69,3,1,0,0,43,0,218
3,2,90.84,0,1,2,1,51,5,410
2,1,52.5,3,0,1,0,79,22,142
4,2,117.32,0,1,1,1,11,7,380
1,0,36,2,1,2,1,5,1,295
2,1,51.49,2,0,0,0,46,28,125
2,1,79.83,2,1,1,1,48,24,300
2,1,50.9,2,0,1,0,88,10,120
2,1,55.12,0,0,1,1,92,13,175
2,2,70,3,1,2,1,18,5,290
2,1,89.44,2,1,1,0,27,11,310
2,1,73.98,2,0,1,1,26,8,305
2,1,52.47,2,0,0,1,55,9,182
2,2,53.3,2,0,2,1,51,9,200
2,2,71.3,0,0,2,0,28,10,203
2,1,48.95,2,1,1,0,12,10,130
2,2,83.65,2,1,1,1,43,8,245
2,2,71,2,1,1,0,22,5,233
2,2,74.82,2,1,0,0,37,8,232
2,1,78.09,0,1,1,1,9,6,390
2,2,59.92,3,0,1,1,36,22,208
3,1,66.24,3,0,2,0,54,28,163
2,2,68.27,3,1,1,1,22,8,360
2,1,58.2,0,0,1,1,17,9,168
2,2,62.5,2,1,1,0,27,10,248
2,2,89.52,3,1,0,0,10,13,235
2,1,75,2,0,1,0,77,33,215
2,2,71,2,1,1,1,43,1,460
2,1,71.26,3,1,0,0,276,6,285
3,2,154,0,1,0,1,69,0,1270
4,2,133,0,1,0,0,31,0,520
5,2,90.22,0,1,1,1,12,0,370
3,2,116,3,1,1,0,22,10,500
3,2,98,3,1,0,1,27,0,580
3,2,88.48,3,1,1,1,72,11,320
3,2,100.87,3,1,2,1,78,0,410
3,2,113.12,0,1,0,0,24,0,398
3,2,101.33,0,1,0,1,31,0,520
3,2,98.67,0,1,1,1,41,0,398
3,2,130.56,0,1,2,0,10,0,588
4,2,151.66,0,1,1,1,18,0,950
3,2,147.5,3,0,1,0,50,0,350
4,2,151,0,1,2,1,132,0,800
6,2,240.59,0,1,2,0,59,0,1203
3,1,114.68,3,0,1,1,104,0,350
4,2,135.5,3,1,1,1,57,0,700
3,2,103,0,1,0,1,103,0,420
2,1,69,0,1,0,1,25,0,288
2,2,72,0,1,2,0,58,4,155
2,2,80.33,0,1,0,0,18,0,167
2,1,94,3,1,0,1,43,1,310
3,2,107,2,1,1,1,63,0,650
3,2,106,0,1,0,1,86,0,335
2,2,70.19,3,1,1,1,31,1,475
3,2,103,2,1,0,0,40,0,520
3,2,105,2,1,1,1,24,0,620
3,2,108,2,1,0,0,12,0,360
3,2,136,2,1,2,1,35,0,1250
3,2,144.93,2,1,2,1,32,0,1150
4,2,127.05,2,1,0,0,38,0,790
3,2,104.08,3,1,2,1,50,7,468
5,2,151.2,2,0,2,0,309,0,420
3,2,105,3,1,1,1,23,0,1000
4,2,154.61,0,1,0,1,41,0,750
3,3,129.51,0,1,2,1,8,19,1060
2,2,98.04,0,1,1,1,95,0,840
4,2,160.7,3,1,0,1,88,0,530
3,2,164.94,0,1,2,1,49,0,1000
4,2,198,3,1,0,1,53,0,1290
3,2,105,3,1,2,1,59,0,400
4,2,138,0,1,0,1,19,0,620
3,1,77.02,0,0,0,0,152,0,248
3,2,97,3,1,0,0,61,0,600
3,2,191,3,1,2,1,40,0,2200
3,2,136,2,1,0,0,15,16,750
4,2,140.39,0,1,1,0,17,0,650
2,1,78.47,3,1,1,1,26,0,560
3,2,115.86,2,1,0,1,35,0,620
3,2,129.6,0,1,2,0,47,0,325
2,2,76.2,2,1,1,0,57,2,455
3,2,120.82,3,1,1,0,21,15,362
3,2,107.53,2,1,0,1,64,17,560
4,2,129.84,3,1,0,1,61,8,580
3,2,132.35,0,1,2,1,47,45,760
2,2,105,0,1,2,1,4,0,370
3,2,132.35,0,1,2,1,75,45,750
3,1,68.11,0,0,2,1,28,0,238
2,2,72.5,2,0,2,0,106,2,176
2,2,52.9,3,0,0,0,24,31,170
3,2,103,2,1,1,1,113,10,345
3,2,96.54,3,1,2,0,33,12,575
3,2,101.52,0,1,0,0,11,0,315
3,2,106.93,2,1,1,0,11,10,365
3,2,101.54,3,1,1,1,33,40,620
2,1,60.73,0,0,1,0,20,57,183
1,1,53,0,1,2,1,30,1,118
1,1,66.56,0,1,1,1,11,4,350
1,1,50.42,3,1,0,1,4,3,390
3,2,179.5,3,1,0,0,3,0,750
3,1,80.98,0,0,1,0,9,2,250
3,2,89.95,3,1,2,0,11,3,270
3,2,91.98,3,1,1,0,5,0,283
3,1,124.2,0,0,1,1,3,0,250
3,2,116.15,3,1,1,0,8,1,498
4,2,143.73,2,1,2,1,2,0,650
2,2,64.96,0,0,2,1,3,2,210
3,2,98.64,3,1,2,1,7,3,535
4,2,151.83,0,1,2,0,0,0,450
2,2,75.25,1,1,0,0,18,2,160
3,2,88.06,3,1,0,1,14,2,315
1,1,58.67,3,1,0,1,41,0,470
3,2,95.53,2,1,0,1,179,2,235
2,2,77.8,2,1,2,1,71,3,500
1,2,79,0,1,0,1,29,3,530
3,2,97.75,3,1,2,1,19,1,420
2,2,76,2,0,2,0,332,4,100
2,1,42,2,0,1,0,137,3,115
3,2,87.63,2,1,1,1,60,3,310
2,1,77.59,2,0,1,1,155,1,230
3,2,108,3,1,2,1,34,2,508
2,2,70,2,1,1,1,53,4,272
2,1,40.89,2,0,2,1,402,1,95
2,1,72,3,1,0,1,39,4,325
2,1,65.75,2,1,0,0,18,1,465
3,2,95,3,1,2,1,144,3,385
2,1,72,3,1,0,0,19,3,240
2,2,78,0,0,1,0,39,1,260
2,1,83,3,1,1,1,93,3,300
3,2,103,0,1,2,1,14,5,430
2,2,82,0,1,2,0,103,4,298
2,1,46.61,2,0,2,0,134,2,150
2,1,50,0,0,1,1,208,3,165
2,2,69,2,1,0,1,18,3,245
2,2,88.39,0,1,1,1,25,2,350
2,1,67.49,2,0,1,1,18,1,370
1,1,53,3,1,1,0,147,1,125
2,1,80.13,0,1,2,0,493,5,100
2,1,58.25,0,0,2,0,54,1,175
4,1,90.62,1,0,1,0,69,1,298
3,2,70.54,1,1,1,0,115,5,250
2,1,55,0,0,0,0,106,5,160
3,1,69,0,0,0,0,59,1,218
1,2,61.45,0,1,2,1,38,4,240
2,1,60,2,0,1,1,55,2,330
2,1,59,0,1,0,1,117,1,315
3,2,73.78,1,1,1,0,27,2,250
2,2,77,0,1,1,1,184,1,225
2,2,89.69,1,1,2,1,37,5,440
3,1,90.3,0,1,2,1,109,2,300
3,2,95,3,1,2,1,19,4,640
2,2,80.95,0,0,1,0,319,4,140
3,2,95.56,1,1,2,0,25,0,310
3,0,73,0,0,2,1,4,4,450
1,1,39,0,0,2,0,50,1,100
2,1,81.06,0,1,0,1,4,1,243
2,2,75,0,1,1,1,9,5,308
3,1,81.52,2,1,1,1,28,3,246
2,2,86,2,1,2,0,13,2,575
2,1,68,2,1,1,1,19,2,363
3,2,84.36,2,1,1,1,66,3,368
3,1,112,2,1,1,0,75,3,480
2,2,80,2,1,1,0,46,3,308
2,1,78,2,1,1,1,56,3,505
2,2,81.1,2,0,0,0,186,4,158
2,2,98.57,2,1,1,1,39,3,435
2,2,69.86,3,1,2,0,38,5,310
2,1,68.18,0,0,1,0,92,5,158
2,1,57,2,0,1,1,54,4,190
2,1,72.82,2,0,1,0,46,3,190
3,2,65.37,0,1,1,0,73,1,245
3,2,105,3,1,0,0,23,4,700
2,1,74.09,3,1,1,0,160,0,255
3,1,84.17,3,0,2,0,56,3,312
3,2,100,2,1,2,0,29,2,240
2,1,77.57,3,1,2,1,60,3,660
2,2,69,3,1,0,0,49,1,260
3,2,96,0,1,2,1,23,3,380
2,1,83.59,2,1,0,0,27,2,260
2,1,61.82,3,1,0,0,37,4,210
2,2,83.1,2,1,2,1,35,1,423
2,2,84.3,1,1,1,1,83,2,380
3,1,89.63,2,1,0,1,75,3,455
2,2,80.49,2,1,2,1,100,2,538
2,1,52.35,2,0,0,1,68,3,157
2,2,75.36,3,1,2,0,87,6,325
2,2,89,3,1,0,1,14,1,490
2,1,59,0,0,0,0,516,3,130
2,2,72,0,1,0,1,26,4,330
1,1,46,2,1,2,1,20,1,320
3,2,98.69,2,1,1,1,33,2,555
3,2,109.55,2,1,2,1,9,0,715
3,2,127.5,1,1,0,0,17,0,260
3,2,125.63,3,1,1,1,6,0,779
3,2,104.86,0,1,2,0,21,1,325
2,1,63.5,2,1,2,0,35,12,258
2,1,79.6,2,0,2,1,9,10,420
4,2,127.49,3,1,1,1,6,6,590
3,2,95.14,0,1,1,1,18,1,385
1,0,44,3,1,2,1,12,7,215
2,2,76.43,0,0,1,1,2,5,435
4,2,145.2,2,1,0,0,29,1,720
1,1,39.87,0,1,1,1,22,0,290
2,2,87.94,3,1,0,0,7,2,260
2,2,99.97,0,1,1,1,1,1,400
3,2,109.26,0,1,0,1,11,4,435
2,1,66,0,0,1,1,14,2,175
4,2,232,2,1,0,0,22,2,900
2,1,69.15,0,1,2,0,65,9,345
2,2,76.75,2,1,1,1,44,1,395
3,2,131,0,1,2,1,43,3,1000
2,1,43.91,2,0,1,0,64,4,137
2,1,78.62,0,1,1,0,14,2,275
2,1,72.92,0,0,2,0,3,1,330
3,1,77.04,0,1,1,1,26,13,372
2,1,73.8,0,1,2,1,20,3,305
3,2,102.39,2,1,0,0,78,4,440
3,2,77.4,2,1,1,0,13,2,275
2,1,59.1,0,0,2,0,12,3,165
3,2,107.04,3,1,2,1,20,22,420
4,2,196.73,3,1,0,0,8,3,850
4,2,117.1,2,1,2,1,45,1,220
3,2,111.19,3,1,1,0,7,1,790
2,1,56.7,0,0,2,0,19,6,193
4,2,129.73,2,0,2,0,46,3,270
3,1,89.52,0,1,0,1,4,6,370
3,2,114.65,2,1,1,1,1,3,698
3,2,94.42,0,1,2,0,1,0,310
2,2,78.38,2,0,2,1,3,0,235
3,2,84.88,3,0,1,1,4,0,348
2,1,63.29,2,0,1,1,6,1,210
2,2,96.12,3,1,0,0,2,0,170
3,2,104.13,3,1,2,1,63,20,510
2,2,94.59,3,1,0,1,61,1,755
3,2,110.63,2,1,1,1,21,21,880
2,1,103.13,2,1,1,1,29,0,520
1,1,45.41,0,0,1,0,18,21,125
3,2,103.1,2,1,2,1,123,4,430
2,1,59.77,2,0,0,1,57,21,190
2,1,62.31,3,1,2,1,84,19,193
3,2,94.51,3,0,1,0,50,26,225
2,1,46.8,0,0,1,0,21,23,122
2,1,47.7,0,0,1,0,34,20,120
2,1,64.34,2,0,0,0,7,4,400
2,1,61.78,2,1,1,0,15,26,202
3,2,70.96,0,0,2,0,42,23,205
2,2,68,0,1,2,0,19,24,211
3,1,61.36,0,0,1,0,18,25,212
2,1,47.22,0,0,2,0,65,24,105
2,2,58.55,3,1,2,1,28,8,230
2,1,46.5,3,0,1,1,8,9,210
2,1,71,3,1,1,1,25,8,290
2,2,63.74,3,1,1,1,15,8,275
2,1,64.57,0,1,1,0,35,9,220
2,1,54.74,2,1,1,0,13,7,190
2,1,40.43,2,0,1,0,34,5,100
3,2,119.76,3,1,2,1,10,12,1055
2,1,74.15,2,1,1,0,33,15,415
2,2,80,2,1,0,0,90,0,320
3,1,101,0,1,1,1,9,0,484.8
2,2,84,0,1,1,1,1,0,403.2
1,1,38.23,2,0,1,1,51,1,100
2,2,70.8,2,1,2,1,221,0,136
2,2,66.2,3,1,0,1,43,0,305
3,2,96,2,0,2,1,30,0,288
2,2,74,3,1,1,1,93,0,290
4,2,132.28,0,1,1,0,30,0,430
2,2,90.7,0,1,0,0,31,0,230
3,2,96.79,3,1,2,0,28,0,480
2,1,72.47,0,1,0,0,45,0,333
2,1,63.65,0,0,0,0,58,2,191
2,2,75.4,0,1,0,1,70,0,335
2,2,94,3,1,1,0,44,0,460
2,1,61.97,0,0,2,1,47,0,250
2,2,75,0,0,0,1,37,0,177
3,2,120,3,0,0,0,77,1,335
5,2,169.66,0,1,1,1,21,0,424.2
2,2,89.4,2,1,1,1,99,0,325
2,1,71.27,0,0,1,0,278,0,150
2,2,76,0,0,0,1,85,1,255
2,2,85,2,0,2,1,88,0,425
2,2,90.33,2,1,2,1,15,0,580
2,2,81.59,0,1,1,1,14,0,410
2,2,85,0,0,2,0,38,0,200
1,1,70,0,0,1,1,25,0,210
1,2,89.57,3,1,2,1,18,0,400
3,2,148,0,1,1,1,7,0,670
2,1,84,2,1,2,0,45,15,235
2,2,84,2,1,1,0,29,0,515
3,2,79.72,2,1,1,1,23,0,588
3,2,93.82,2,0,1,1,47,0,400
2,1,65,3,1,2,0,55,9,243
2,1,71,2,1,2,1,36,0,290
3,2,95,3,1,0,0,33,0,560
3,2,90.13,3,1,2,0,170,0,355
3,2,122.44,0,1,0,1,37,0,480
2,1,65,2,0,1,0,105,0,160
2,2,75.62,2,1,1,1,96,0,240
2,1,82,3,1,1,1,14,0,360
2,1,80,3,1,0,1,98,0,290
3,2,147,3,1,1,0,28,0,320
2,1,67.91,2,0,2,1,46,0,298
2,2,73,2,0,1,0,13,0,230
3,1,76.42,2,0,1,0,67,0,260
2,2,89.35,0,1,0,1,35,0,270
4,2,118.8,0,0,2,1,90,0,200
2,2,80,2,1,0,0,63,0,338
2,2,69,2,1,2,0,67,0,250
3,2,83.22,3,1,1,0,50,0,490
3,1,78.59,0,1,2,1,66,0,370
2,1,85.3,0,1,0,1,29,0,598
3,2,94,2,1,1,1,33,0,500
2,2,80.15,0,1,1,0,21,0,300
5,2,87,3,0,2,0,61,0,335
2,1,64,0,0,1,0,40,0,180
3,1,90,1,0,2,0,69,0,260
2,1,53,0,0,1,0,125,0,138
2,1,83,0,1,0,1,14,6,598
2,2,70.34,2,1,2,1,45,0,350
2,1,56.54,2,1,1,1,14,0,390
3,2,95.65,0,0,1,0,144,14,178
3,2,99.44,3,1,1,0,20,7,242
2,2,86,3,1,0,0,41,12,570
3,1,93.74,0,1,1,0,4,0,320
1,1,33.79,3,0,1,1,71,26,106
3,2,84.6,0,0,1,0,3,2,210
3,2,104.31,3,1,1,0,3,0,510
1,1,50.87,0,1,1,1,2,0,155
3,2,88.15,2,1,0,1,0,0,580
3,1,106.33,0,1,1,1,0,0,448
4,2,134.16,0,1,1,0,0,0,280
3,2,89.96,3,1,1,0,4,0,410
3,2,81,3,1,1,1,1,0,445
3,2,86,0,0,2,0,1,0,248
3,2,104,3,0,1,1,3,3,315
3,2,96.02,0,0,2,0,1,0,323
2,2,68.72,0,1,0,0,1,0,180
3,2,94.45,0,0,1,0,1,0,285
3,2,94.99,3,1,1,0,5,0,405
2,1,94,0,1,1,1,2,0,640
3,2,110.96,2,1,2,0,1,0,320
3,2,92.29,0,1,1,1,0,0,492
4,2,188.47,2,1,2,0,0,0,390
3,2,115,2,1,2,0,0,0,465
4,2,218,0,1,0,1,1,0,2180
3,2,110.89,0,0,2,1,0,0,420
3,2,116.62,3,1,2,1,0,0,550
2,2,82.56,3,1,0,1,1,0,430
3,2,141.27,0,1,2,0,0,0,350
3,2,191.26,3,1,2,0,1,0,750
5,2,281,0,1,2,1,0,0,666
3,2,81.37,3,0,2,0,0,0,238
3,2,100.41,0,1,0,0,3,0,255
2,1,70.07,2,0,2,1,4,0,418
2,2,90.62,3,1,1,0,9,0,199
3,2,92.42,3,1,1,0,4,0,225
3,2,84.74,0,0,2,0,50,1,298
2,1,59,0,1,2,1,37,2,388
3,2,98.28,3,1,1,0,631,1,265
2,2,75.05,0,1,2,0,8,0,300
3,2,96.68,3,1,0,0,25,2,255
2,2,95.78,3,1,2,1,12,2,670
2,1,65,0,1,2,1,8,2,320
1,1,54.85,3,1,2,0,30,2,218
3,2,92.5,2,1,2,0,81,3,132
2,2,69,2,1,1,0,6,1,258
2,2,85.3,3,1,1,0,15,2,272
3,2,78.25,2,0,2,0,53,0,240
2,1,62.52,3,1,1,0,15,1,225
2,1,59,2,0,1,0,102,4,135
2,1,75.84,0,1,0,1,3,0,308
2,2,82.78,0,1,2,1,36,1,285
2,1,34.06,0,0,1,1,127,0,150
2,1,71.3,2,1,2,1,12,5,410
2,2,68.19,3,1,0,0,14,0,268
2,1,76.34,3,1,2,1,38,2,320
2,1,53.21,3,0,1,1,65,1,190
2,1,81.42,3,1,2,1,29,1,487
1,1,38.61,0,0,2,0,33,1,108
2,1,76.03,2,0,0,0,46,11,193
2,2,64.83,3,0,1,1,76,0,265
2,2,83.27,3,1,2,0,12,4,310
3,2,89,3,1,0,1,12,1,425
3,2,87.24,2,1,2,0,60,2,270
2,1,80.98,2,1,2,1,27,1,400
3,2,81.15,0,1,0,1,4,1,309
2,1,66,2,1,2,0,19,4,300
4,2,163,2,1,0,1,7,3,760
3,2,103.93,0,1,2,1,3,4,362
2,1,44.56,2,1,1,0,12,14,220
3,2,115.94,2,1,1,1,19,2,568
2,1,47,0,1,0,0,3,23,130
3,2,92.73,0,1,1,0,24,10,185
3,2,97.34,2,0,1,1,8,9,300
2,1,72.64,3,1,0,1,39,13,265
1,1,28.17,2,1,0,0,24,14,145
2,1,57.19,2,0,1,1,28,19,190
2,1,67,0,0,1,0,8,18,180
2,1,45,0,1,1,1,22,20,158
2,1,66.15,0,0,1,0,42,19,130
3,1,44.89,0,0,1,1,63,12,136
2,1,57.76,0,0,1,0,17,13,136
2,1,46.22,3,0,1,0,4,9,185
2,1,50.31,0,0,2,0,11,12,118
2,1,78,0,1,1,0,7,7,260
3,2,143,0,1,1,1,35,1,770
4,2,252.88,0,1,0,0,19,1,531.1
3,2,88.81,3,1,1,1,9,0,285
3,2,108.71,0,1,2,1,32,2,500
4,2,237,3,1,1,1,25,1,1659
1,0,34.42,0,1,2,1,89,1,195
3,2,124.98,2,1,1,0,79,3,375
1,0,28.92,0,1,1,1,26,0,221
4,2,153.12,0,1,0,1,18,1,1210
2,2,70.78,2,1,2,1,47,8,275
3,2,123.79,3,1,1,1,37,2,880
3,2,92.8,0,1,1,0,21,3,210
3,1,76.78,0,1,0,0,50,17,235
1,0,29.76,2,0,2,1,45,2,75
2,1,71,2,1,0,1,3,2,318
3,2,92.05,0,0,0,0,0,1,228
2,1,45,0,0,2,0,6,0,140
2,2,97.53,3,1,2,0,4,2,480
2,1,77.42,2,1,1,0,5,6,205
1,1,32.28,0,1,2,1,27,0,90
2,2,66.2,2,0,0,0,0,1,230
2,1,78.5,2,0,2,0,2,3,232
2,2,71.2,0,1,2,0,13,5,233
2,2,72,3,0,0,1,1,0,305
3,2,86.08,2,1,0,0,7,0,220
2,1,76,2,0,2,1,3,0,198
2,2,106.6,0,1,1,0,3,0,330
2,2,69,0,0,1,0,4,0,320
2,1,66.07,3,0,2,1,3,0,260
2,2,64.4,3,0,2,0,3,0,180
2,1,67.79,3,1,1,0,5,0,295
3,2,91.23,3,1,1,0,28,0,285
2,1,95.61,2,0,2,1,1,0,290
2,1,70.4,3,1,1,1,5,0,282
2,1,47.59,2,0,1,0,5,0,140
4,2,180.49,1,1,1,0,0,0,500
1,2,50.31,0,1,2,1,84,8,148
4,2,147,3,1,0,0,15,0,780
2,1,61.5,2,1,1,1,14,8,265
1,1,41,0,1,2,1,199,7,139
3,2,112.9,0,1,0,0,2,0,290
1,1,50.29,3,1,0,0,31,8,175
4,3,218,2,1,2,1,17,0,800
1,1,28,0,1,0,0,246,5,85
3,2,125,2,0,2,0,27,0,216
1,0,33.2,0,1,0,0,22,7,130
3,2,121,2,1,2,1,0,0,847
3,2,129.59,3,1,2,0,10,0,490
1,1,27.09,2,0,1,1,73,0,148
3,2,85.75,2,1,2,1,15,1,370
4,2,130.1,3,1,2,1,46,3,520
2,1,53.13,2,0,2,0,46,4,180
2,2,75.08,0,1,2,1,14,8,285
3,2,137.45,3,1,2,0,6,8,385
3,1,95,3,1,1,1,23,0,650
2,1,75.19,2,0,1,1,27,9,170
2,2,87,0,1,0,1,20,0,510
2,2,80,3,1,2,0,10,4,260
3,2,125,2,0,0,0,3,1,630
2,1,67.5,0,0,2,0,18,0,248
3,2,127.77,2,0,1,1,62,0,730
2,2,78,2,0,2,1,32,1,300
2,1,73.26,3,1,0,0,16,0,400
2,2,74.4,2,0,1,0,22,2,410
4,1,102.46,2,1,2,1,6,2,395
3,2,125.99,2,1,0,0,0,2,430
2,1,55.49,0,1,2,1,123,1,200
2,1,62.7,0,1,1,1,3,1,220
4,2,144.76,0,1,2,1,65,0,560
3,1,95.74,0,0,2,1,4,1,265
3,2,97.46,0,1,2,1,12,2,475
2,1,73.54,3,1,2,0,6,0,380
2,2,63.99,3,0,1,0,25,2,185
1,1,52.76,3,1,1,1,16,0,215
2,2,73,3,0,2,0,38,6,145
3,2,108.6,2,0,1,0,28,1,268
3,2,108.05,0,1,2,0,8,9,370
2,1,63.67,0,0,0,0,28,2,152
2,1,74.59,0,0,1,0,5,1,280
3,2,79.98,2,0,2,0,56,5,220
2,2,92.48,3,1,1,1,48,1,245
3,2,98.09,0,1,0,1,0,1,400
2,2,69.88,0,1,2,1,21,1,200
2,1,54.06,0,0,2,1,17,1,315
1,1,49.5,3,1,1,1,6,2,430
3,2,111.55,3,1,0,0,26,1,262
3,1,84.08,3,0,1,1,49,1,400
3,2,77.77,0,0,1,1,15,1,300
2,1,74.06,0,1,2,1,5,2,360
2,2,79.82,0,1,1,0,20,2,520
2,1,71,3,1,0,0,9,8,242
2,1,69.29,0,1,0,1,61,1,268
2,2,64.6,0,0,1,0,25,0,180
2,1,76,0,0,2,1,41,1,290
3,2,105.19,0,1,0,1,75,1,185
2,2,78.61,0,1,0,0,7,2,270
2,2,72.24,0,0,1,0,16,4,190
2,1,105.7,0,1,1,1,2,1,350
2,2,72.86,2,1,1,1,6,3,340
3,2,84.15,0,0,1,1,10,1,275
2,1,60.09,0,0,2,1,10,1,295
3,2,95.55,0,1,1,0,11,1,220
3,2,116.27,3,1,1,0,10,1,500
2,1,68,0,0,2,1,14,1,275
4,2,109.9,2,0,1,0,19,1,153
2,2,69.09,0,1,2,1,17,2,338
1,1,56.36,0,1,1,0,39,4,166
2,2,72.72,0,1,2,1,3,2,350
1,1,52.95,0,1,2,1,81,5,98
2,2,86.71,0,1,0,1,15,0,218
2,2,78.16,3,0,2,0,23,3,180
2,1,71.37,0,0,1,1,9,1,196
3,2,123.46,0,1,0,0,4,1,389
2,2,79.28,0,1,1,1,2,1,380
3,1,95,0,1,2,1,4,1,385
2,1,73.62,3,0,0,0,7,1,223
3,2,91,0,1,1,1,13,3,358
2,1,68.88,0,0,1,0,22,2,195
2,2,65.61,0,0,1,1,13,4,268
1,1,45.26,2,1,1,0,17,2,230
3,2,73,0,0,2,1,24,1,198
2,2,78.88,0,1,1,1,2,1,308
2,1,63.77,0,0,1,0,10,1,185
3,2,87.8,0,1,1,0,1,1,263
3,2,126.6,0,1,0,0,6,2,420
3,1,109.92,0,1,0,1,1,1,440
3,2,102.58,3,1,1,1,5,2,480
3,2,92.28,0,0,2,1,26,1,260
2,1,62.76,0,0,1,1,10,3,262
3,2,107.68,2,0,1,0,6,0,260
3,2,90.75,2,0,1,0,0,0,355
3,2,139.14,2,1,1,1,1,0,900
2,2,75.19,3,1,1,0,21,5,230
3,2,120.87,3,1,1,0,2,0,480
4,2,110,0,0,1,0,5,4,320
4,2,173.61,3,1,2,1,12,0,1300
2,2,83.15,3,1,0,0,8,2,240
4,2,148.92,3,1,2,1,0,0,700
4,2,110.82,2,0,1,1,6,0,280
4,2,102,3,0,0,0,1,0,400
3,2,107.33,3,1,0,0,1,1,525
2,2,79.41,0,0,2,1,0,0,240
3,2,124,3,1,0,0,1,0,406
3,2,118.22,3,1,1,1,0,0,335
4,2,182.5,3,0,2,0,2,3,401
3,1,72.87,3,0,1,1,13,1,228
3,2,70,0,0,0,1,25,5,199
3,2,115.7,3,0,2,0,0,1,298
4,2,152.46,0,1,2,1,4,1,500
2,1,106.29,0,1,0,1,0,0,400
3,1,82,0,1,2,0,2,0,355
2,1,42.48,0,0,0,1,4,0,150
1,2,47.48,3,1,2,0,0,0,388
3,2,121.27,3,0,1,0,4,1,278
1,1,32.66,3,1,1,1,2,0,189
3,1,170,0,1,2,0,54,0,518
4,2,145,0,1,2,1,13,0,980
3,2,153,0,1,0,0,61,0,360
3,2,102.3,2,1,1,1,42,0,460
4,2,225.71,3,1,0,0,97,0,1300
4,2,160,0,1,2,1,20,0,580
3,2,151,3,1,0,1,40,0,1150
3,2,112,0,1,0,0,16,0,358.4
3,1,103,2,1,1,1,92,0,270
3,2,114.75,0,1,2,1,12,0,730
3,2,96.82,0,1,0,0,64,0,280
3,2,166,2,1,1,1,12,0,990
6,2,129.29,3,0,0,1,65,0,390
5,2,169,2,1,2,1,7,0,900
4,2,145,2,1,1,1,18,0,720
3,2,77.26,2,0,2,0,66,0,320
5,2,176.4,2,0,0,1,48,0,650
3,2,119.08,2,1,0,0,22,0,780
3,2,105,3,0,1,1,4,0,375
3,2,122,3,1,0,1,17,0,520
3,2,138,0,1,1,0,17,0,498
5,2,149.48,3,0,2,0,90,0,300
5,2,161.07,0,1,2,1,16,0,580
3,2,103,3,1,1,0,45,0,315
3,2,92,3,1,2,1,108,0,485
4,1,80,0,0,2,0,32,0,440
3,2,91.91,0,1,1,0,80,11,265
2,2,63,0,0,1,0,129,10,180
3,2,99.49,3,1,2,1,62,6,368
3,2,122,3,1,2,1,23,4,1250
3,2,89.96,2,1,1,0,145,6,410
2,1,58.8,3,1,1,1,36,5,325
2,1,71.7,0,0,2,1,233,8,150
3,2,93,0,1,2,0,20,6,298
3,2,81,3,1,1,0,67,6,415
3,2,151,3,1,1,1,22,4,580
3,2,91,3,1,0,0,52,6,339
2,1,64,2,1,0,0,36,8,235
3,2,74.7,3,0,1,0,192,6,168
3,2,77,2,1,2,0,18,8,395
3,2,98,3,1,2,1,52,4,360
2,1,65.41,3,0,2,1,15,0,240
3,2,97.45,3,1,1,0,13,0,370
3,1,72.79,0,1,1,0,14,7,185
3,1,123,3,1,0,0,10,5,440
3,2,140,0,1,0,1,12,13,950
3,2,95,0,1,0,1,5,10,750
3,2,161,3,1,2,1,11,2,920
3,2,110.55,3,1,0,1,33,14,640
2,2,97.24,0,1,0,0,2,0,280
3,2,91.81,2,1,1,0,18,10,265
3,2,61,0,1,2,1,9,13,660
2,1,36.45,3,0,1,0,74,4,120
2,1,54.1,2,0,1,0,5,17,154
2,1,69.02,3,1,2,0,13,2,398
4,2,247.67,3,1,2,0,25,5,928
3,2,97,0,1,2,1,51,7,368
2,1,81.04,0,0,1,1,8,7,530
3,1,115.32,0,1,0,0,5,0,520
3,2,155.34,1,1,2,0,20,1,390
3,2,94,0,1,1,0,27,1,310
2,2,76.45,0,1,2,0,126,1,250
2,2,64.81,2,0,0,0,16,1,185
5,2,186.47,1,1,0,1,5,0,940
3,1,74.61,3,1,1,1,28,6,275
2,2,93.7,0,1,1,1,23,4,410
3,2,91.86,3,1,2,1,54,2,438
3,2,93,3,1,1,1,31,4,510
2,1,34,0,0,1,1,252,1,132
3,1,108,0,1,0,1,9,7,518.4
2,1,53.73,2,0,0,1,68,4,188
2,1,60,0,1,1,1,55,2,235
2,1,81.44,2,0,0,0,3,4,400
2,2,62.01,3,1,2,1,15,4,335
1,1,43,2,1,2,1,89,1,185
5,3,158.37,3,1,2,0,17,2,700
3,2,137.38,3,1,1,0,37,2,880
3,2,138.51,3,1,2,0,15,1,925
3,2,89.3,2,0,2,1,30,11,246
3,2,97.5,2,1,0,1,37,8,258
3,2,117,3,0,1,1,1,1,400
3,2,94.4,2,1,0,1,8,6,490
1,1,32.85,2,0,0,1,42,7,121
3,2,123.95,3,1,1,1,19,9,558
3,2,106.61,1,0,0,1,0,0,255
3,2,97.76,3,1,1,1,5,2,380
3,2,137.14,0,1,2,1,7,3,586
3,2,135.6,0,1,2,1,3,0,240
3,2,114.89,0,1,2,1,0,0,295
3,2,123.35,0,1,2,1,0,0,340
3,1,96.74,2,1,0,1,1,0,355
3,2,96.6,2,0,1,0,1,3,310
2,1,58.65,0,1,2,1,9,3,178
3,2,94.4,0,1,2,0,19,6,420
2,1,39.76,0,0,2,1,30,4,100
2,1,42.72,3,0,1,1,49,4,120
1,1,43.28,0,0,1,1,3,2,185
2,2,98.46,3,1,1,0,25,0,210
1,1,49,2,1,2,1,11,1,228
1,1,51.63,3,1,1,0,2,0,130
2,1,42.27,3,1,1,0,7,1,150
3,2,98.27,0,1,0,0,4,1,225
2,2,67.41,3,0,2,0,13,2,167
3,2,113,3,1,1,1,6,0,660
2,2,82.54,0,1,1,1,11,2,440
2,2,86.88,0,1,0,0,105,10,250
3,2,95,2,0,0,1,7,0,470
2,2,72.03,0,0,1,0,22,0,238
2,2,75,0,0,0,1,20,0,380
2,1,72.1,2,0,0,0,32,0,176
3,2,69.6,0,0,2,1,34,0,206
3,2,103.98,2,1,1,1,17,0,630
1,1,42.28,2,0,2,0,78,0,105
1,0,25.18,2,1,1,0,13,4,130
2,1,60.68,2,0,2,0,31,0,148
3,2,81.04,2,1,0,0,27,7,330
3,2,134,2,1,2,1,10,0,695
2,2,128.16,2,1,0,1,5,0,750
2,2,83.5,0,1,1,1,4,0,310
2,2,66.5,0,1,2,1,13,0,205
2,2,71.95,3,1,0,0,20,0,200
2,1,72.94,0,0,1,1,11,0,258
3,1,94.09,0,1,1,0,16,0,335
2,1,84.2,0,1,0,1,15,0,350
2,1,64.45,0,1,2,1,3,0,320
2,2,72.63,0,0,2,0,7,0,200
2,2,89.76,0,1,1,1,5,0,340
1,1,55.44,0,1,1,1,29,0,183
3,2,116.78,0,1,1,1,0,0,443
2,2,65.91,0,0,2,0,4,0,190
3,2,100.06,3,1,1,1,9,0,420
2,1,69.6,3,0,1,1,45,0,170
2,1,67,2,1,1,1,16,0,290
1,1,48.46,0,0,1,0,8,0,140
2,1,73,0,0,2,0,3,0,330
2,1,93.91,2,1,2,1,5,0,300
3,2,99.6,2,1,2,1,41,18,420
2,1,48.92,0,0,0,1,10,0,171
3,2,99.01,0,1,0,0,12,0,257
3,2,83.93,0,0,1,0,6,0,220
2,2,90.3,0,0,0,1,5,0,338
2,1,67.4,0,0,2,1,5,0,230
2,1,71,0,1,0,0,19,0,210
2,1,75.33,0,0,1,0,41,0,198
2,2,91.12,0,1,0,1,1,0,385
3,2,98,0,1,1,0,3,0,468
2,2,74.19,0,1,0,1,6,0,340
3,1,52.73,0,0,2,1,21,13,330
2,2,71.87,3,0,2,0,33,0,355
2,1,63,0,0,1,0,5,0,198
2,2,80.48,2,1,0,1,6,0,380
2,2,64.1,0,0,2,0,1,0,256
3,2,90.94,0,1,0,1,7,0,283
3,1,95.53,0,1,2,1,7,11,260
3,2,103.93,0,1,1,1,7,0,368
3,2,98,0,1,0,1,10,1,345
2,2,64.32,0,0,1,0,71,22,210
3,1,96.71,0,0,2,1,18,1,310
4,2,137.64,3,1,0,0,7,0,650
2,2,52.48,3,0,0,0,89,8,150
2,1,55.47,2,0,1,1,22,9,190
3,2,95.7,2,1,2,1,58,8,138
3,2,92.76,3,1,2,0,37,8,305
4,2,99.35,3,0,1,0,6,9,250
2,1,87.52,3,1,2,1,18,6,530
3,2,111.97,3,1,2,1,0,8,460
3,2,103.25,2,0,0,0,6,6,245
2,1,60.58,2,0,1,0,23,9,210
2,1,64.69,2,0,1,0,7,8,230
3,2,128.2,0,1,0,0,16,1,360
3,2,115,3,1,0,1,27,1,1040
4,1,143,3,1,2,1,10,3,700
3,2,151.29,3,1,1,1,18,3,580
4,2,120,0,1,0,1,28,2,445
3,2,113.74,0,1,1,0,19,1,460
4,2,119.44,0,1,2,1,29,1,1000
3,2,90.93,2,1,0,1,101,1,230
4,2,110.43,0,0,1,1,16,1,810
3,2,141.73,3,1,2,0,48,2,950
3,1,97.27,0,1,1,1,24,1,315
3,2,100,3,1,0,1,52,0,369
3,2,120.07,2,1,0,1,10,1,730
3,2,101.95,2,1,1,1,25,3,410
2,1,61.73,3,0,0,0,45,18,245
3,2,135.77,3,1,1,0,6,5,420
2,2,73.32,3,1,2,1,39,20,250
2,2,84,3,0,1,1,14,5,370
3,2,121.7,3,1,0,0,14,6,490
3,2,92.18,2,1,2,0,14,1,550
2,1,62.68,0,1,1,1,22,20,255
2,1,61.34,3,0,1,0,5,2,220
2,2,78.18,2,1,1,0,22,3,310
2,2,70.15,3,1,1,0,6,23,216
3,2,77.81,3,0,2,0,13,23,260
2,1,64,0,1,1,1,62,24,170
2,1,61.19,2,1,1,1,22,4,191
2,1,57.14,3,1,1,1,10,23,250
2,2,81.06,3,1,0,0,15,1,130
2,1,58.39,3,1,0,0,28,2,96
2,1,69.89,2,1,1,0,3,0,190
2,2,68.25,3,0,2,0,14,1,148
2,1,64.15,2,1,0,0,0,0,245
2,2,61.78,3,1,0,0,25,7,69
3,2,87.77,3,1,1,0,25,2,98
4,2,163,3,1,0,0,11,1,145
2,1,60.15,3,0,0,0,23,0,61
3,2,112,2,1,2,1,0,1,530
2,2,72.6,3,1,2,1,21,3,214
2,1,64.88,2,1,1,0,8,1,250
3,2,77.05,3,0,0,0,23,2,175
1,1,40.5,0,0,2,0,20,3,90
3,2,112,0,1,1,1,3,1,310
2,2,72.39,2,1,1,0,6,2,340
2,1,60.05,0,0,1,1,3,6,245
3,2,89,2,1,2,1,11,2,235
3,1,73.03,3,0,1,0,13,2,190
3,2,117,0,1,1,1,2,4,415
3,2,108.77,2,0,0,0,4,1,190
2,1,60.29,2,0,1,0,16,1,200
2,1,54,2,0,1,0,2,1,140
2,1,55.77,3,0,2,0,11,2,186
2,1,39.36,2,1,0,1,17,1,125
3,2,90.62,3,1,0,0,3,4,295
2,1,52.25,3,1,0,0,17,2,110
2,1,76.3,2,0,1,1,3,2,260
2,2,70.68,0,0,1,1,8,2,245
2,1,75.6,2,0,1,0,0,2,176
3,2,104.4,3,1,0,0,5,3,460
2,1,49.88,0,0,1,1,9,3,160
2,1,51.96,3,1,2,0,15,0,75
3,2,107.33,3,0,0,1,23,2,197
4,2,184.85,1,1,1,1,2,1,420
3,2,92.47,3,1,2,0,3,0,220
2,1,47.98,2,0,0,1,56,0,140
2,2,83,0,0,2,1,15,0,230
3,2,98.17,3,1,1,0,28,0,390
3,1,67,0,0,2,1,27,0,385
2,1,85,0,0,2,0,100,0,145
3,2,106.63,0,1,0,1,13,0,255
2,2,81.06,0,1,2,1,6,0,218
2,1,50,0,0,0,1,252,0,135
2,1,87,2,1,2,1,13,0,340
3,1,83.46,0,1,0,1,46,0,290
2,1,71.12,2,0,1,0,20,1,240
2,2,70.06,2,0,1,1,40,0,430
2,2,102.5,0,1,0,0,16,0,245
3,2,121,3,1,1,1,20,0,605
2,1,70,2,1,1,0,6,0,350
2,2,73.54,3,1,2,0,6,8,370
1,0,45.44,3,1,1,0,85,3,150
4,2,202.66,0,1,0,0,9,0,850
2,2,70.7,2,0,0,0,21,5,195
3,1,96.65,3,1,1,1,34,7,570
1,0,39,0,1,1,1,108,1,133
1,1,43.55,0,0,2,0,16,3,239
2,1,64.18,2,0,1,0,11,13,205
3,2,95.53,2,1,1,1,127,9,230
3,2,107,3,1,2,1,56,8,950
1,1,43,0,1,1,1,25,1,308
2,1,66.41,2,1,2,1,128,5,440
2,2,150.47,0,1,2,1,38,0,1080
3,2,112.14,3,0,2,1,9,0,790
2,2,69.48,3,1,2,0,34,12,375
2,2,64.2,3,1,2,1,60,9,187
2,2,68.43,3,1,2,1,19,6,438
2,1,70.89,2,1,1,1,25,9,320
3,2,86.64,3,1,2,1,7,0,430
3,2,82,3,0,0,1,39,11,247
3,2,92,2,0,2,0,29,2,175
3,2,78.7,0,1,2,1,128,9,152
2,1,41.07,2,0,1,0,77,16,108
2,1,57.24,3,0,0,0,32,17,185
3,2,99.77,0,0,1,1,4,0,360
1,1,54.11,3,1,1,0,0,5,175
2,2,70.89,2,0,2,1,47,10,190
2,2,69.45,2,1,1,0,2,16,215
2,2,79.23,0,1,1,0,1,18,380
2,1,48.87,2,0,1,0,43,21,155
2,1,53.63,3,0,1,1,1,13,233
2,1,70.4,0,0,1,0,27,11,150
2,1,65.71,0,1,2,1,2,9,420
3,2,95.73,3,1,2,0,13,9,228
3,2,95.01,3,1,2,0,7,0,255
2,2,91.75,3,1,1,0,62,0,165
2,2,80.8,3,1,1,1,40,2,530
2,2,82.02,0,1,2,1,5,0,610
1,1,56,0,1,2,1,14,0,310
2,1,76.15,0,1,0,0,6,0,290
2,2,55.67,0,1,2,1,74,0,225
2,2,90,2,1,1,1,30,1,365
3,2,99.33,3,0,2,1,5,0,335
2,1,65.62,0,1,2,0,19,0,205
4,2,124.9,0,1,1,1,5,0,850
2,2,89,1,1,2,0,31,6,130
2,2,56.54,2,1,2,1,3,0,400
3,2,124,0,1,2,1,9,0,480
4,2,147,2,1,2,1,58,14,700
2,2,96,2,1,0,0,3,0,320
2,2,55.57,2,0,2,0,17,0,205
5,2,84.14,2,1,1,1,0,0,370
3,1,83.94,0,1,1,1,27,4,355
1,1,47.68,0,1,1,1,7,0,425
3,2,92.96,2,0,2,1,11,0,328
2,2,102.07,3,1,2,1,3,0,395
3,2,93.23,2,0,1,0,31,8,400
3,2,88.7,0,1,1,0,6,0,354
3,2,105.97,0,1,2,0,7,0,288
3,2,99.69,2,1,1,1,16,0,300
2,1,36.61,2,0,0,1,64,4,128
3,1,92.27,2,1,0,0,34,3,385
2,2,83.45,0,0,2,1,6,0,213
3,2,121.12,0,0,2,1,5,0,430
3,2,127.94,3,1,1,0,5,0,320
2,1,62.15,2,0,2,1,52,7,170
3,1,53.23,0,0,1,1,64,4,218
2,1,65.08,0,1,1,1,3,0,380
2,1,42,0,0,2,1,81,4,136
3,2,96.71,0,0,2,1,9,0,338
3,1,99.89,2,1,2,1,17,4,450
2,1,49.7,0,1,1,0,0,0,300
2,1,53.45,3,1,1,0,3,1,210
2,1,56.26,0,0,1,0,6,0,216
2,2,53.8,3,1,1,1,59,2,215
2,1,64.46,3,0,2,0,31,0,298
2,1,80.29,3,1,2,1,41,18,345
3,2,108.7,0,1,1,1,3,0,392
3,2,81,2,0,1,1,7,6,295
2,1,76,0,1,2,1,0,0,300
3,2,100.33,0,1,0,0,2,0,260
2,1,62.19,0,0,1,1,14,0,188
3,2,90.38,2,0,1,1,3,0,350
3,2,104.85,0,1,1,1,12,0,620
2,2,104.44,2,1,1,0,5,0,250
2,1,41,3,0,0,0,51,8,130
3,2,76.5,3,0,2,1,8,0,258
3,2,144.1,2,1,0,1,28,1,460
2,2,60.1,2,0,1,0,24,3,200
3,2,102,0,1,0,1,7,0,550
4,2,53.51,3,1,2,0,49,8,148
2,2,69,3,1,2,0,6,0,276
2,1,53.17,2,0,1,1,52,10,170
2,2,85.63,0,0,1,0,1,0,230
2,2,68,3,0,1,0,19,3,215
2,2,70.37,0,0,2,1,13,0,170
2,1,65.1,2,1,2,0,199,12,132
2,2,84.38,0,0,2,0,1,0,210
1,1,39.3,0,0,1,0,7,0,170
2,2,62.16,2,0,2,1,25,1,188
2,2,96.22,0,1,0,0,5,0,210
3,2,101,0,0,2,0,2,0,380
2,1,79.6,0,1,0,1,53,18,209
2,1,46.93,1,0,1,1,48,7,140
2,2,73.62,0,1,1,0,12,0,290
3,2,75.5,2,0,0,1,58,7,139
3,2,92.6,0,1,0,0,4,0,220
2,1,74.58,3,1,1,1,17,0,360
2,1,85,0,1,0,1,4,0,400
2,2,82.18,0,1,0,0,10,0,310
2,2,73.3,3,0,1,0,26,7,205
3,2,114.61,0,1,1,0,15,11,329
3,2,84.02,0,0,1,1,0,0,340
3,2,89.6,2,0,1,0,24,8,215
3,1,98.1,0,1,1,0,6,0,470
2,1,73,0,1,1,0,17,0,350
3,2,91,0,1,0,0,7,0,305
3,2,73.53,2,0,2,0,53,7,200
2,2,80.44,0,1,2,0,4,0,315
3,2,105.74,2,1,0,1,5,0,465
3,2,99,0,1,1,0,5,0,235
2,2,86,3,0,0,1,3,0,276
1,1,51,0,1,2,1,9,1,310
2,1,57.3,0,0,2,1,2,0,208
1,1,46.04,0,1,1,1,13,0,285
2,1,84.85,3,1,2,1,1,1,309
3,2,92.57,0,1,1,0,0,0,395
3,2,107,3,1,2,1,8,9,330
2,1,82.26,0,1,2,0,7,0,300
2,2,59.28,0,0,2,0,4,0,170
2,1,64.5,2,0,1,1,31,13,158
3,2,101.86,0,1,0,1,1,0,270
3,2,110,0,1,0,1,0,0,680
1,1,48,3,0,0,0,21,8,220
3,2,73.51,0,0,2,1,12,0,215
2,2,78.92,3,1,0,0,2,0,230
2,1,93.25,2,0,2,1,1,0,300
3,2,162,3,0,2,1,0,0,620
2,2,69,3,1,1,0,11,5,255
2,1,71.37,0,0,1,0,0,2,233
3,2,94.13,0,0,1,0,4,1,306
5,2,164,0,0,0,1,1,0,528
5,2,206.52,0,1,0,0,2,0,1100
2,1,65,0,1,1,1,3,0,250
3,2,131.31,0,1,0,0,0,0,268
6,2,270.4,3,1,2,0,7,0,820
3,2,92,3,1,1,0,2,1,480
3,2,108.62,0,1,1,1,0,0,260
3,2,76.54,0,0,1,0,1,0,195
1,1,62.41,0,0,1,0,0,0,155
3,2,161.35,0,1,0,1,3,0,550
1,1,36.22,0,0,2,1,1,1,203
2,1,78.11,0,0,1,0,3,3,265
2,1,68,2,0,2,1,2,2,205
1,1,37.8,2,1,1,0,1,5,125
3,1,105.31,2,0,1,1,3,1,318
3,2,91.76,2,1,1,1,1,4,380
3,2,100.45,0,1,1,1,0,2,500
3,2,92.46,3,1,1,0,24,30,208
2,1,79.23,2,1,1,1,30,3,460
3,2,75,2,1,0,0,251,1,320
3,1,87,2,0,1,0,36,2,230
2,2,74.71,3,0,1,0,97,2,225
3,2,127,0,1,2,0,26,1,435
2,1,76.93,2,1,1,0,11,1,310
3,2,107,3,1,0,0,127,3,330
2,1,70,3,1,2,0,73,1,210
3,2,136,0,1,2,1,28,3,600
2,2,80.42,3,1,0,0,348,1,280
2,1,79.83,2,1,0,1,30,3,293
3,2,83,0,0,1,1,132,1,185
3,2,90.93,3,1,0,0,66,1,520
2,2,76,3,1,2,1,35,1,325
3,2,109.38,3,0,0,0,133,1,400
3,2,86,2,1,0,0,189,3,200
3,2,85.04,3,1,2,0,47,4,340
4,2,57,0,1,0,0,191,2,250
2,2,65,0,1,0,0,35,4,243
3,2,127.73,0,1,2,1,18,1,650
3,2,101,0,1,0,1,22,4,375
2,2,89,0,1,0,1,84,4,425
2,1,51.8,0,0,2,0,263,2,189
2,2,80.25,0,1,0,1,73,2,308
3,2,132.14,0,1,0,1,44,1,435
2,2,80.82,0,1,0,1,72,3,460
2,1,41.52,2,0,0,0,214,1,78
2,2,81.43,3,1,2,0,43,1,400
2,2,69.61,2,1,2,1,141,1,245
3,2,94,0,1,2,1,137,1,175
2,2,82.73,3,1,0,1,59,1,200
3,2,112.26,0,1,2,0,9,2,310
1,1,66.7,0,1,2,1,104,2,255
2,2,75.7,0,1,1,1,119,1,200
3,1,68.48,2,0,1,1,108,2,218
2,2,71,0,1,1,0,80,1,185
2,2,76,0,0,2,0,36,5,275
2,1,63.81,0,0,1,1,160,5,325
2,1,67,2,1,1,1,95,4,293
2,2,77.6,2,1,2,0,58,5,258
2,1,67.7,3,0,2,1,90,2,335
2,2,74.26,0,1,1,1,24,5,360
2,1,41.16,0,0,1,1,393,2,100
2,2,77.57,2,1,2,0,25,5,466
3,2,113.94,3,1,0,0,52,1,738
3,2,109.01,2,0,1,0,49,1,620
2,2,70.19,2,1,0,1,35,1,445
2,2,58.5,3,1,1,1,88,1,300
2,1,78.43,2,1,0,1,102,2,375
2,2,64,3,1,2,0,72,2,245
3,1,81.72,2,0,2,1,177,1,215
3,2,89.6,2,0,2,1,55,1,300
2,2,74.33,3,1,1,1,58,5,545
3,2,91,3,1,1,1,91,3,350
2,2,65,3,0,1,1,44,1,255
3,2,90.54,3,1,0,1,41,1,590
2,2,78,3,0,2,0,59,1,320
2,1,70.11,2,0,1,1,36,3,253
2,1,60.67,2,1,0,1,60,1,350
3,2,113.6,3,1,1,0,48,1,295
3,1,65.18,2,0,2,0,114,2,146
2,1,59.42,2,1,1,0,62,2,182
2,2,94.2,3,1,2,0,26,1,615
1,1,55,2,1,1,0,55,4,220
3,2,84.37,0,0,2,0,55,7,225
3,2,114,2,1,2,1,49,1,500
2,2,75.42,2,1,0,0,138,2,270
3,2,101.2,2,0,1,1,66,3,198
2,2,86.51,3,1,0,1,58,2,730
3,2,102.67,3,1,1,1,63,1,425
2,2,92.1,3,1,2,0,82,4,648
2,1,44.11,2,1,1,1,221,3,165
3,1,80,2,1,1,1,78,1,450
3,2,74.6,0,0,2,1,66,1,190
2,2,91,3,1,1,1,53,5,310
2,1,68,0,0,2,1,61,3,215
2,1,65.8,3,1,0,0,38,1,210
1,0,44.09,3,1,1,1,57,1,220
2,1,74,0,0,2,1,227,2,180
1,0,42,3,1,1,1,63,4,224
2,2,68.97,0,1,2,1,42,1,330
3,2,96.16,3,1,2,0,167,6,200
2,2,73.11,3,1,0,1,87,5,270
2,1,68.07,0,0,1,1,44,12,175
3,2,128,2,1,0,1,12,0,700
3,2,124.12,2,1,2,1,17,0,890
2,2,88,2,1,2,1,8,1,530
4,2,86.77,3,1,2,1,22,0,510
3,2,150,0,1,2,1,24,2,800
3,2,112,3,1,1,0,112,0,288
2,2,89.3,3,1,0,0,91,0,267.9
5,3,85,0,1,1,1,67,2,315
3,2,118.39,2,1,2,1,26,0,550
3,2,117.46,2,1,0,1,14,0,425
4,2,245,0,1,1,0,17,0,630
3,2,173.01,3,1,0,0,40,0,1200
3,2,122.48,0,1,1,1,16,0,600
6,2,182.6,0,0,2,0,75,0,350
3,2,90.07,0,1,1,1,98,5,295
3,2,123,0,1,1,1,21,0,310
3,2,90,3,1,0,0,23,1,370
3,2,115,2,1,0,0,16,0,860
3,2,129.13,0,1,1,0,14,0,450
3,2,106,0,1,2,0,251,0,130
3,1,89,0,1,2,1,133,0,230
3,2,102,0,1,1,1,58,0,500
4,2,136,3,0,1,1,30,0,635
3,2,130,3,1,0,0,19,0,390
3,2,121.62,2,1,1,1,22,1,730
3,2,122.22,3,1,0,0,12,0,360
3,2,140,2,1,2,1,16,0,688
4,2,321,0,1,2,1,47,0,2100
3,2,122.58,2,0,2,1,107,0,200
3,2,114.06,3,1,1,1,23,0,618
5,2,124.9,3,1,2,1,93,0,720
3,2,125.34,3,1,0,1,44,0,760
5,3,142,2,0,2,1,69,0,298
3,2,109.3,2,1,1,0,36,1,275
4,3,98,2,1,2,0,19,0,408
3,2,100.85,2,1,2,1,30,3,420
1,0,43.11,3,1,0,1,14,25,280
3,1,68.04,2,0,1,0,81,22,205
3,1,123,3,1,0,0,3,4,440
4,2,140.56,3,1,0,1,12,11,560
3,1,68.27,2,0,2,1,20,0,195
2,2,71.86,3,0,2,1,6,0,273
3,2,102,0,1,0,0,11,11,380
4,2,107,0,0,1,0,10,8,350
2,1,66.7,2,1,2,1,14,8,335
1,0,28.73,2,1,2,1,37,26,135
3,2,121.61,2,1,2,1,1,9,660
3,2,130.89,0,1,0,1,9,14,1068
2,1,58.3,2,0,2,1,21,0,310
4,2,146.82,3,1,2,1,9,0,370
2,1,66.57,0,0,2,0,51,6,110
2,1,70,0,1,1,1,124,1,238
2,1,76,3,1,1,1,39,3,338
6,2,289.54,3,1,2,1,60,4,2500
3,2,68.1,2,0,1,0,9,3,175
3,2,96,3,1,1,0,6,2,520
2,1,77,0,0,0,1,14,0,370
3,2,107.9,0,0,2,1,15,2,325
2,1,64.81,2,0,2,0,74,2,120
2,2,59.73,0,0,1,1,23,3,270
2,2,70,2,1,2,0,5,3,470
1,1,44,2,1,2,0,33,0,320
1,2,39,3,1,1,0,44,0,260
3,2,98.5,2,1,1,1,27,2,255
3,2,103,2,1,1,1,24,2,440
3,1,92,2,1,1,1,14,1,515
3,1,100,2,1,0,0,20,1,340
1,0,36.36,0,1,2,1,58,0,270
2,1,75,2,0,1,1,34,1,205
2,1,72,0,1,2,0,11,1,173
1,1,60.58,2,1,2,1,70,0,395
2,1,80,2,1,0,1,23,1,400
5,2,218,3,1,0,1,7,1,1480
2,1,62.17,0,0,2,0,23,1,180
1,2,56,0,1,0,1,14,4,375
2,2,66.15,3,1,1,0,29,1,260
1,1,43,0,1,1,1,34,0,305
3,2,110.63,2,1,0,1,4,2,438
3,2,93,0,0,2,0,26,1,260
1,1,36,2,1,0,1,102,0,193
3,1,106.52,2,1,1,0,29,1,670
2,2,82.75,2,1,0,0,16,6,295
4,2,162.67,3,1,0,1,30,4,1560
3,2,93.28,0,1,2,0,7,2,228
3,2,181.62,3,1,2,1,65,2,640
3,2,96.12,2,1,0,1,21,2,300
4,2,91.75,3,1,2,0,39,5,338
3,1,92,2,1,1,0,14,2,490
4,2,135.86,2,1,2,1,18,2,850
3,2,90.08,3,1,0,1,4,0,330
3,2,92.98,0,1,1,1,47,24,203
4,2,142,0,1,0,1,5,1,780
3,2,93.63,0,1,0,1,6,3,400
2,1,74.44,3,1,2,0,7,3,280
3,2,126.17,0,1,2,0,0,2,193
4,2,94,0,1,2,1,11,2,396
3,2,112.34,0,1,1,1,6,1,530
2,2,79,0,1,2,1,4,2,369
4,2,128.02,3,1,1,1,13,2,560
3,2,200.86,3,1,0,1,0,1,630
4,2,121.07,3,1,1,1,5,1,400
2,1,55.49,3,0,1,1,2,2,165
4,2,215,3,1,2,0,1,7,668
4,2,166.21,0,1,0,1,3,1,480
2,2,79.09,3,1,1,1,18,3,320
4,2,102,0,0,0,0,4,7,360
3,2,93,3,1,0,0,0,0,385
3,2,121,0,1,2,0,0,0,545
3,2,97.4,0,0,2,0,3,0,185
5,2,166.85,2,1,2,1,0,0,417
3,2,97.28,3,1,2,0,3,0,430
3,1,56.18,0,0,2,1,1,0,280
3,2,94.7,0,1,1,0,0,0,200
3,2,117.65,0,1,1,0,1,0,750
3,2,119.05,0,1,2,0,2,0,720
4,2,120.3,3,0,2,0,1,1,368
6,2,199.75,0,1,0,1,0,0,500
4,2,144.32,2,1,0,1,4,0,860
4,1,142.26,0,1,2,1,0,0,265
4,2,148.21,3,1,1,1,2,0,920
2,1,65.55,0,0,1,0,3,0,165
3,2,83.7,0,1,1,1,10,2,185
3,1,92.98,2,1,1,1,4,0,550
2,2,80.7,0,0,1,1,6,2,225
2,1,60.7,0,1,2,1,11,1,183
3,1,97.47,0,1,0,1,0,1,280
2,1,74.84,3,1,2,1,1,2,330
2,1,55.02,0,0,2,0,5,1,148
2,1,60.53,3,0,2,0,4,1,172
2,1,66.37,0,0,1,1,1,0,270
2,1,53,0,0,1,1,8,1,150
3,2,93.75,0,1,2,1,5,1,300
3,2,97.03,0,0,2,0,1,0,290
2,1,81.3,0,1,0,1,0,1,230
2,1,45.17,0,1,0,1,3,1,175
2,1,73.09,0,1,2,1,1,2,270
2,1,81.4,3,1,2,1,3,1,525
3,1,72.34,0,1,2,0,2,1,265
2,2,68.33,0,1,2,1,0,2,260
2,2,63.71,2,0,0,1,1,1,220
2,1,71.15,0,1,1,0,0,1,228
1,0,56.98,2,1,1,1,22,0,165
3,2,101.26,1,1,1,0,1,1,230
2,1,56.75,3,1,2,1,45,12,134
2,2,86,3,1,2,0,2,1,398
2,1,76.61,3,0,2,1,2,0,480
2,2,74.38,3,1,1,0,4,0,190
3,2,92,2,0,0,1,16,4,260
1,1,56,0,1,1,0,22,1,230
1,1,44,3,0,1,0,15,1,265
1,0,35.29,2,0,2,0,30,5,92
3,2,93.7,2,0,0,0,12,6,160
2,1,92,0,1,0,1,14,7,260
2,2,83.81,3,1,1,0,7,6,222
3,1,46.99,3,0,2,1,51,6,168
2,1,85,2,1,0,1,2,5,478
3,2,89,3,0,1,1,32,9,460
2,1,68.42,0,0,1,0,77,29,128
2,1,54.44,0,0,2,1,2,12,290
2,2,75.49,2,1,1,1,9,5,305
2,1,75.6,0,0,1,1,41,5,150
2,2,56.96,3,0,1,0,11,7,146
1,1,38.34,2,0,1,1,43,7,129
2,1,58.76,0,1,1,1,6,13,176
3,1,54.7,0,0,0,1,7,10,290
2,2,66.2,0,0,1,1,7,6,200
3,2,109,0,1,1,1,11,13,850
3,1,84.22,0,0,1,0,2,8,220
3,2,88.43,0,1,1,1,3,5,370
2,2,72.97,0,1,1,0,8,7,176
1,1,46,0,0,0,0,2,16,130
2,1,55.8,2,0,2,1,31,7,170
2,1,43.06,2,0,1,1,9,5,155
2,1,116.73,0,1,1,1,12,10,245
2,1,45.56,0,0,2,0,12,11,105
4,2,134.72,0,1,1,1,4,8,610
2,1,61.83,2,0,0,0,15,4,238
1,0,39.87,2,1,0,1,29,0,276
3,2,121.2,3,1,2,0,37,0,415
4,2,130.13,3,1,0,0,23,0,800
2,2,80.02,0,1,2,1,92,0,900
3,2,105.34,3,1,2,1,75,0,235
2,2,79,2,0,1,1,60,0,225
3,2,95.16,0,1,2,0,22,0,580
2,1,70.36,0,0,2,0,68,0,155
3,2,109,0,1,0,0,108,0,550
3,2,84.9,0,0,2,0,43,0,320
3,2,105,0,1,1,1,44,0,650
2,2,76,0,1,0,0,167,0,265
3,2,85,0,0,2,0,131,0,200
3,2,109,2,1,2,0,16,0,620
3,2,90.54,0,1,1,1,14,0,645
5,2,260,0,1,2,1,63,0,1600
2,2,89.52,3,1,1,1,25,0,340
3,2,80,3,1,0,1,21,0,300
2,2,109.98,0,1,0,1,49,0,660
4,2,191,0,1,2,1,3,0,1240
2,2,63,3,0,1,0,34,0,253
4,2,134.79,0,1,2,1,18,0,780
3,2,115.09,3,1,0,0,4,2,400
3,2,117.15,0,1,0,0,39,0,325
2,2,103,3,1,2,0,21,0,400
4,2,160.1,0,1,0,0,20,0,560
2,1,80.52,0,1,0,1,41,0,400
3,2,112.81,0,0,2,1,45,0,210
3,1,86,3,1,2,1,38,0,405
3,2,118.03,0,1,2,0,8,0,285
3,2,97,3,1,0,0,56,0,375
3,2,86.7,0,0,1,0,18,0,280
3,2,120.1,2,1,0,1,43,0,610
3,1,95,2,1,1,1,19,0,370
2,2,72,2,1,0,1,44,0,385
3,2,99,3,1,1,1,21,0,340
2,2,83.5,3,1,2,0,25,0,305
2,2,111.42,3,1,1,0,37,0,780
4,2,167.66,0,1,2,1,40,0,798
2,2,75.55,3,1,0,1,89,0,320
2,2,76,3,1,2,1,159,0,300
3,1,103.96,0,1,1,1,27,0,395
2,2,73.8,3,1,1,1,107,0,310
3,2,99.15,2,1,1,1,26,0,340
2,1,51.75,3,0,0,1,62,0,205
3,2,103,3,1,2,1,100,0,875
3,2,87.17,2,0,1,0,16,0,305
4,2,131.17,0,1,2,0,169,0,180
4,2,131.17,0,1,2,0,56,0,180
5,2,167,2,1,2,1,53,0,500
4,2,142.57,0,0,2,1,24,0,855
3,2,96.6,0,1,2,0,6,0,310
2,2,91.8,0,1,0,1,80,1,285
2,1,77,2,0,2,1,62,0,215
2,2,78,0,1,2,1,25,0,335
3,2,96.37,0,1,0,0,50,0,315
4,2,173.23,0,1,1,1,16,0,999
2,2,54.3,3,1,0,0,351,0,162.9
5,2,219.97,0,1,0,1,21,1,1100
4,2,199,0,1,0,1,18,0,1560
3,2,111.17,0,1,1,1,113,0,320
2,2,78,2,0,1,1,56,0,400
4,2,152.26,0,1,2,1,29,0,538
2,1,90.53,0,1,0,1,20,0,650
2,2,80.5,0,1,1,1,32,0,650
1,1,51.26,0,1,0,1,69,0,245
2,2,89,0,0,1,0,41,0,180
2,2,60,0,0,2,1,223,0,280
3,2,83.56,3,1,2,0,102,0,358
4,2,131.32,1,1,1,0,11,0,330
3,2,124.6,0,1,2,1,29,0,680
3,2,90,0,1,2,1,39,0,360
3,1,125.73,0,1,1,1,9,0,480
3,2,68.2,0,1,0,1,62,0,235
2,2,70.5,0,1,1,0,115,0,210
3,2,110,3,1,0,0,30,0,280
3,2,99.61,3,1,1,1,22,0,398
3,2,107,2,1,0,0,4,6,340
3,1,72.81,0,0,1,0,40,0,196
5,2,217,0,1,2,1,8,1,976
3,2,90.37,2,1,2,0,9,0,590
4,2,131.8,0,1,1,1,7,0,450
3,2,86.66,0,0,2,0,29,1,342
3,2,111.27,0,0,1,0,53,1,182
2,1,88,3,1,2,1,80,0,528
2,2,50,2,1,1,0,93,0,268
2,2,80,2,0,0,1,90,0,420
3,2,104.34,2,1,1,1,63,0,540
3,2,91,2,0,1,0,17,0,320
2,1,55,3,0,1,0,79,0,200
2,1,58.17,2,0,2,0,340,0,180
4,2,129,2,1,0,1,61,0,650
4,2,154.3,2,1,2,1,5,1,1069
2,1,48,3,1,2,1,20,0,410
2,2,91.06,3,1,0,0,89,0,450
2,2,63.28,2,0,0,0,68,2,190
3,2,78,2,1,0,1,38,0,400
3,2,95,2,1,1,0,10,0,560
2,2,69,2,1,2,0,66,0,470
3,2,123.4,0,1,2,0,17,0,770
3,2,125,2,1,0,0,40,0,700
4,2,141,2,1,0,0,16,1,420
3,2,83.6,2,1,0,1,88,0,188
1,2,46,2,1,0,0,28,0,365
2,2,69,2,1,1,0,100,0,255
3,2,94,2,1,0,1,111,0,279
1,0,33,3,1,0,1,29,0,268
2,1,57.14,2,0,0,0,44,0,175
2,2,58,2,1,1,0,96,0,280
2,2,64,3,0,2,0,35,0,318
3,2,137.3,0,0,2,0,34,0,423
3,2,121.05,2,1,1,1,72,0,650
2,2,63.82,2,1,2,0,97,0,260
2,2,75,2,1,1,1,63,0,392
2,2,51.21,3,1,0,1,52,0,300
2,2,74,3,1,1,0,26,0,272
3,2,96.54,3,1,0,0,112,0,550
2,1,73,0,0,0,1,12,0,350
2,1,77,2,1,1,0,37,0,280
2,2,79.27,3,1,0,0,78,1,330
2,2,72,2,1,1,1,12,0,720
1,0,37.52,3,1,1,1,47,0,305
3,2,117,0,1,1,1,51,0,360
2,2,70.6,3,1,2,0,42,0,530
2,2,79.11,2,1,2,1,50,0,490
3,2,122,2,1,1,0,23,0,430
2,1,65.8,3,1,2,0,51,0,255
2,1,64,0,1,0,0,39,0,220
4,2,128,2,1,1,1,31,0,950
2,1,82.4,2,1,0,1,5,0,450
2,2,72,3,1,0,1,37,0,369
4,2,139,3,1,0,0,5,0,600
3,2,111.02,3,1,1,0,39,0,310
2,2,79.12,2,1,0,1,28,0,500
2,1,39.03,3,0,1,1,152,0,170
3,1,85.59,2,0,0,1,19,0,298
1,1,83.16,2,1,2,0,17,0,373.5
1,1,81.83,2,1,2,0,23,0,369
2,1,41.99,0,0,1,1,38,0,268
3,2,85.42,2,1,0,1,29,0,330
2,2,107,3,1,0,0,20,0,360
2,2,95,0,1,0,0,22,0,225
3,2,101.83,3,1,0,0,37,0,529
3,2,114.83,2,1,2,1,13,0,405
2,2,74.3,0,1,2,0,39,0,262
4,2,155.55,0,1,2,0,20,0,530
2,2,69,2,1,0,0,42,0,260
3,2,106,3,0,1,0,109,0,225
4,2,135,1,1,2,0,6,1,368
3,2,117.58,3,0,1,1,82,0,708
3,2,103.35,2,1,0,1,54,0,440
3,2,112.28,0,1,1,1,28,0,868
2,1,75.19,0,1,0,1,25,0,430
2,2,96.49,0,1,2,1,9,0,370
3,2,88,2,0,0,0,51,0,320
3,2,104,0,1,0,1,23,0,350
2,1,69,3,1,0,0,23,0,255
3,2,96,0,1,1,1,112,0,688
5,2,144.87,2,1,0,1,25,2,883.8
2,1,88,3,1,0,1,268,0,200
2,2,80,3,0,1,0,100,0,260
2,2,85,0,1,0,1,11,0,420
4,2,121.46,0,0,2,1,121,0,250
3,1,103,0,1,1,1,31,0,680
3,2,94,0,1,1,0,19,0,295
3,2,96.03,3,1,2,1,17,3,398
3,2,89.42,2,1,0,1,9,7,280
3,2,93,0,0,1,1,5,1,410
3,2,92.2,0,1,2,1,21,1,420
3,1,108.7,0,1,0,0,5,3,430
3,2,101.09,2,1,1,1,26,11,410
3,2,94.27,2,1,1,1,30,12,650
3,1,79.58,3,1,1,0,57,17,380
2,1,53.31,2,0,0,1,14,15,240
3,2,132.61,0,1,0,1,34,0,715
2,2,93,1,1,2,1,72,17,195
2,1,64.7,2,1,0,0,103,14,200
2,2,61.8,3,0,1,0,75,10,215
2,2,78.9,3,0,0,1,22,8,285
2,2,66,2,1,0,0,56,10,258
2,2,82,3,1,1,0,26,13,499
1,1,66.31,2,1,2,1,97,11,189
2,2,75,3,1,0,1,98,17,285
3,2,89.64,3,1,1,0,11,12,410
3,2,123,2,1,1,0,46,1,710
3,2,107.32,0,1,0,0,19,0,255
3,1,97.41,2,0,1,1,21,0,460
2,1,66.15,2,1,1,0,28,14,220
2,2,85.39,2,0,0,1,25,12,300
2,2,81.13,3,1,0,1,22,10,430
2,1,45.02,0,0,1,1,315,17,138
3,2,77.99,0,0,2,1,65,12,160
3,1,70.6,3,1,1,0,37,17,220
3,2,129,3,1,1,1,15,14,515
3,1,62.8,3,0,0,1,57,13,188
2,2,52.5,3,0,0,0,87,16,155
3,1,62.29,3,0,1,1,31,11,270
3,2,120,3,0,1,1,41,17,385
3,2,107.3,2,1,0,1,22,13,265
2,2,68,2,1,2,1,34,11,260
2,1,62.64,2,0,1,0,11,11,180
3,2,101.54,3,1,2,1,18,7,400
2,2,63.5,2,0,1,0,50,14,155
2,2,73.42,0,1,2,0,80,13,243
3,2,81.9,0,0,1,0,202,11,135
2,1,76.5,3,1,1,0,29,14,240
3,1,96.66,2,1,0,0,7,14,295
2,2,68.79,2,0,1,1,45,14,172
3,2,119.39,0,1,1,1,27,11,1130
2,2,78.95,2,1,1,0,29,14,155
2,1,62.19,0,0,1,0,31,20,165
1,1,45.1,0,1,2,1,18,12,360
3,2,96.78,3,1,2,0,24,13,390
3,2,119,3,1,1,1,22,17,500
3,2,102,0,1,0,0,12,12,338
3,1,56.49,3,0,1,1,60,17,168
2,2,68,3,1,1,0,35,15,250
2,1,35.07,3,1,2,1,267,20,138
3,2,140.44,0,1,1,1,14,11,838
3,1,59,3,0,2,1,47,13,168
2,1,86.2,3,1,0,1,9,9,310
2,1,48.83,0,1,1,1,166,18,138
2,2,84.21,0,1,0,0,11,11,258
2,2,61.06,2,0,2,0,8,11,190
2,1,56.2,2,0,1,1,16,12,173
2,2,75.23,0,1,0,1,23,12,375
2,1,47.99,0,0,0,0,26,14,125
2,1,48.46,0,0,0,0,7,8,150
2,1,57.89,3,1,2,0,112,21,150
3,2,103,0,1,1,1,9,13,420
2,1,64.5,0,1,0,0,22,17,180
3,2,77.81,0,0,2,0,15,23,248
2,2,63.5,0,0,1,0,23,18,158
3,2,86.5,0,0,1,0,6,1,199
1,1,48.9,0,1,1,1,1,4,290
3,2,81,0,1,1,1,4,2,280
3,2,90.07,3,1,0,1,3,5,310
3,2,117,3,1,1,1,3,4,500
3,2,132.31,0,1,2,1,8,1,530
3,2,110.27,0,1,1,1,0,6,520
2,2,73.5,0,0,2,0,8,2,203
1,1,34.14,3,1,2,1,10,6,165
3,2,115.7,0,0,2,1,2,0,220
2,2,73.69,0,1,2,1,2,0,350
3,2,113.26,2,1,1,1,6,5,430
3,2,105.4,0,1,0,0,1,2,350
3,2,123,2,0,2,1,9,0,670
3,2,106.25,0,1,2,1,12,0,550
2,2,68,2,1,2,1,8,0,260
2,1,68,2,0,0,0,2,0,275
3,2,134,3,1,2,0,1,0,227
3,2,98.57,3,0,1,0,5,0,340
3,1,59.5,2,0,0,1,1,0,195
2,2,86,3,0,1,1,5,1,300
2,1,85.09,3,1,0,0,0,0,250
2,1,70.5,3,1,0,0,10,0,185
3,1,96.3,2,0,0,0,2,0,404
2,2,78.72,3,0,2,0,0,0,250
3,2,76.16,2,0,1,1,3,0,275
3,2,77.2,2,1,1,0,12,0,150
2,2,67.78,2,0,1,1,2,0,240
3,2,90,3,0,1,0,0,0,270
2,1,64,2,1,0,0,0,0,248
2,1,63.85,0,1,0,0,3,2,215
3,2,132.5,0,1,2,1,0,0,385
3,1,63.72,2,0,0,1,9,0,195
2,1,56.76,2,1,1,0,31,2,57
3,2,84.46,2,0,1,1,1,0,350
3,2,118.99,2,1,0,0,0,0,550
2,1,69.45,3,0,1,1,0,0,288
2,1,77.11,3,1,0,1,2,0,520
2,1,78,2,0,2,1,1,0,330
2,2,91.98,2,0,0,1,1,0,215
4,2,150.61,3,1,2,0,0,0,250
2,1,84.68,3,1,1,1,1,0,298
2,2,90.4,2,1,0,0,3,0,350
2,1,74.56,2,0,1,1,0,0,288
3,2,95.9,0,1,1,0,6,0,199
2,2,70.35,2,1,0,0,14,1,175
3,1,81.43,2,1,0,0,9,0,330
2,2,70.8,2,0,1,1,5,0,270
2,1,80.77,0,1,0,0,0,0,360
2,2,62.63,3,0,1,0,15,0,170
2,1,70.02,3,0,1,0,1,0,180
2,2,80.39,2,0,1,0,0,0,398
2,2,74.54,3,1,0,0,5,1,420
2,2,87.68,0,1,1,1,8,0,160
3,1,121,0,1,1,0,3,0,460
3,2,110.98,0,1,2,1,1,0,475
3,2,108.29,0,1,0,1,0,0,700
2,2,67,0,0,0,0,0,0,210
2,2,68.67,0,1,1,1,3,0,198
2,2,97,0,1,1,1,1,0,530
2,1,49.26,0,0,1,1,8,0,125
2,1,64,0,0,2,0,3,0,165
3,1,92,0,1,1,1,2,0,331
3,2,88.3,0,0,1,0,0,0,235
3,3,82.18,0,1,1,1,4,0,198
2,2,66,0,1,2,1,6,1,167
2,2,63.6,3,0,2,0,2,0,150
3,1,76.76,0,1,1,0,3,0,210
2,2,78.81,3,1,2,0,1,0,210
4,2,126,0,1,1,0,1,0,300
3,2,71.36,3,1,2,0,0,0,300
3,2,100.75,3,1,1,1,20,5,570
2,1,106,3,0,0,0,17,0,320
2,2,91,3,0,2,1,8,0,240
2,2,77.53,3,1,1,1,68,0,258
2,2,67.59,3,1,0,0,7,3,256
2,2,93.7,2,1,0,1,27,0,300
2,1,88.59,0,1,2,1,8,0,637.9
3,2,91.85,0,1,1,0,8,0,380
2,2,83.04,3,0,2,1,48,0,470
3,2,91,0,1,1,1,61,2,187
2,1,59,0,0,1,0,177,11,213
2,1,87.14,0,1,1,0,45,0,196
3,2,95,0,0,2,1,67,0,209
2,2,75.36,0,0,1,1,16,1,190
2,2,75.36,0,0,2,1,34,1,185
2,1,80.31,0,1,1,0,7,0,310
2,1,75,0,1,1,1,35,0,175
2,2,89,2,1,1,1,8,0,780
2,1,74,2,0,2,1,9,0,260
2,1,65,2,1,2,0,1,1,360
2,1,98,2,0,2,1,21,0,398
2,2,73,3,1,1,0,6,0,286
3,2,117.04,2,0,1,0,27,0,280
3,2,102,2,0,1,1,47,0,310
3,2,103,2,1,0,0,28,0,222
3,2,120,2,0,2,0,19,1,300
3,2,109,2,1,2,1,10,0,680
2,2,70.77,2,1,1,1,11,0,310
2,2,88.32,2,1,1,1,6,0,299
2,2,76,2,1,2,0,16,2,230
2,1,66.59,2,1,1,1,62,0,260
3,2,90.5,3,0,2,1,62,2,398
3,2,86.33,0,0,0,1,18,0,383
3,2,91.2,0,1,1,0,83,0,200
2,1,69.9,3,0,2,1,23,0,210
2,2,63,2,0,2,0,80,0,215
1,1,86,0,1,0,1,7,0,800
3,1,78,2,1,2,1,43,0,402
2,1,80.93,2,0,2,1,12,0,226.6
2,2,86,0,0,1,1,17,0,238
2,2,101.26,0,1,2,0,11,1,220
3,1,73.92,2,0,2,1,16,4,320
3,1,92.92,0,0,2,1,163,4,258
2,2,79,3,1,0,0,80,4,285
3,2,161.41,3,1,0,0,37,2,980
3,1,107.6,2,1,0,1,45,1,643
3,2,76.81,3,1,1,0,123,0,150
3,2,113,3,1,2,0,7,2,435
2,1,67.84,3,1,1,0,28,1,243
3,2,102,3,1,2,1,16,4,440
2,1,45.6,2,0,2,0,183,1,129
4,2,124.74,3,1,0,0,5,1,436
3,2,84.28,3,1,2,0,45,3,375
2,2,89,3,1,1,1,10,1,638
3,2,100.9,2,1,1,1,76,4,260
3,2,112.28,2,1,0,1,23,1,708
2,1,60.88,2,0,1,0,54,4,190
2,2,86.1,3,1,0,1,11,1,358
3,2,103.98,0,1,1,0,9,2,310
4,1,145.16,0,1,2,0,4,3,730
3,2,140.13,3,1,1,0,26,2,1030
3,2,128.16,0,1,1,1,21,3,980
3,2,100,2,1,0,1,11,1,580
4,2,172.8,3,1,2,1,11,1,918
3,2,108.36,3,1,1,0,10,4,580
7,2,227.67,2,1,2,1,28,4,768
4,2,129,3,1,1,1,29,3,1000
3,3,132.24,0,1,0,1,5,3,569
2,1,56.04,2,0,2,1,120,3,180
3,2,128.84,2,1,1,1,16,2,660
4,2,190,2,0,2,0,20,2,310
3,2,105.27,2,0,2,0,25,5,336
5,2,248,3,1,2,1,27,2,980
5,3,299.84,3,1,2,1,6,4,920
2,2,61.05,2,1,2,1,11,7,248
3,2,130.9,3,1,0,0,9,19,510
3,1,74.3,0,0,1,0,5,11,200
2,2,73,0,1,2,0,11,11,200
3,1,62.64,0,0,0,1,1,6,340
3,2,122.76,2,1,0,0,18,0,295
3,2,120.27,0,1,1,1,28,1,560
1,1,53.3,3,1,0,0,24,0,146
1,0,44,3,1,1,1,4,0,250
2,2,72.4,2,1,2,1,25,4,360
2,1,47.49,2,0,2,0,110,1,165
2,2,96.22,3,1,1,0,17,0,225
1,1,41.34,0,0,2,0,26,1,105
1,1,25.18,0,1,2,0,22,1,120
1,1,75.05,0,1,0,0,14,1,335
2,1,65.83,3,1,0,0,17,3,220
2,2,73,2,0,2,1,17,3,245
1,1,28.75,0,0,0,0,44,3,90
1,0,37.09,3,1,2,0,18,0,220
2,2,63.64,3,0,2,1,26,3,295
3,2,124.05,2,1,1,1,45,8,485
3,1,91.07,2,0,2,1,9,2,320
3,2,89.22,0,1,2,1,10,3,231.8
2,2,86,3,1,0,0,17,6,580
3,2,135.62,3,1,2,0,7,7,830
2,1,53.36,2,0,1,1,37,4,170
1,1,35,0,0,0,0,13,2,110
2,2,71.18,0,0,1,0,11,2,192
2,2,87.34,3,1,0,0,10,6,258
1,0,32.84,0,1,1,1,14,1,120
1,0,32.71,0,0,2,1,12,1,190
2,2,85.76,2,1,2,0,21,3,215
3,2,92.3,3,1,0,0,8,4,313.8
3,2,104,3,1,2,0,2,4,318
2,1,76.85,2,1,0,1,1,1,415
2,1,62.52,2,1,2,1,21,2,230
2,1,53.08,2,1,2,0,3,1,125
3,2,96.4,3,0,1,0,18,3,192
3,2,90,2,0,1,1,5,2,408
3,2,97.16,3,1,1,0,3,1,248
3,1,98,3,1,1,0,3,1,550
3,2,103,3,1,0,0,30,3,268
2,1,66.81,3,0,1,0,3,1,200
3,1,103.74,0,1,0,0,0,1,330
3,2,80.43,0,0,1,1,1,2,305
2,1,86,2,1,1,0,7,4,258
3,2,106.88,2,1,1,0,8,1,262
2,2,55.1,2,1,0,1,18,1,215
2,1,69.13,2,0,0,0,20,5,200
2,1,53,3,0,1,1,14,2,140
3,2,91.8,2,1,1,0,8,2,265
2,1,52.7,2,0,2,1,32,1,160
2,1,57.94,0,0,0,0,2,4,185
2,1,78.79,3,1,0,0,7,2,325
2,2,70.7,2,1,2,1,7,1,260
2,2,70.72,3,1,0,1,28,1,316
2,1,64.71,2,0,1,1,9,2,240
2,1,79.9,3,1,1,1,4,2,340
2,1,70.16,2,0,1,1,7,2,170
3,2,113,0,1,1,0,11,2,360
2,1,77.85,0,1,1,1,6,1,375
2,1,63.44,2,0,1,0,2,2,400
2,1,52.6,2,0,2,1,21,2,150
2,2,74.38,3,1,1,1,8,2,290
3,1,119.17,2,1,2,0,1,1,530
3,2,82.25,3,0,1,1,7,2,265
3,1,107.4,3,1,0,0,4,2,345
2,1,59.5,3,1,1,0,7,1,268
3,2,102,1,1,0,0,9,1,245
2,1,52.98,2,1,2,0,12,1,130
2,1,54.33,2,0,2,0,23,2,170
2,1,64,3,1,2,1,8,2,238
3,2,131,3,0,1,0,10,1,320
2,1,68.88,0,0,2,1,14,1,215
2,1,55.16,2,1,1,1,13,4,255
3,2,90.71,3,1,2,0,5,4,300
3,2,113.4,2,0,1,0,8,1,290
2,2,78.8,3,1,2,1,8,1,452
2,1,46.65,0,0,1,0,14,3,140
3,2,110,0,1,0,0,34,3,390
3,2,85.35,0,0,2,0,9,1,185
2,2,83.59,0,1,1,1,4,5,545
3,2,123.5,3,1,0,0,11,3,540
2,1,54.17,2,0,2,1,4,2,300
2,2,56.96,3,1,1,1,9,1,265
2,1,72,3,0,1,0,4,1,235
2,2,77.3,2,0,1,1,5,2,196
3,2,107,2,1,1,1,12,1,156
3,2,114.75,3,1,2,1,1,1,328
2,2,69.26,2,0,1,0,12,2,250
3,2,86.3,0,1,1,1,6,2,268
4,2,98.89,3,1,2,0,3,1,280
3,2,106.9,2,0,1,0,2,1,270
3,1,107.36,0,1,2,1,3,2,380
2,2,82.39,0,1,2,0,0,0,230
3,1,79,3,0,2,0,7,3,230
2,1,59.2,3,0,0,0,6,2,215
1,1,61.19,3,1,2,1,0,0,350
3,1,86.32,3,0,2,0,3,0,318
3,1,78.22,0,0,2,0,2,0,234
3,2,80.2,2,0,0,0,2,0,210
2,2,72.23,0,1,2,1,1,0,190
2,1,59.11,0,0,1,0,0,0,170
3,2,79.2,0,0,1,0,1,1,225
3,1,87.83,0,1,1,0,0,0,163
3,2,101.57,0,0,1,0,2,0,310
2,2,90.94,0,1,0,0,0,0,208
2,2,60.2,0,0,2,0,4,2,160
2,1,58.37,2,1,1,1,3,0,488
2,2,88.93,0,0,2,1,0,0,360
3,2,99.35,0,0,1,0,4,1,190
2,1,44.13,0,0,2,0,2,1,115
1,1,27.64,2,1,0,0,179,0,120
3,2,96.42,3,1,2,0,13,0,238
3,2,107.68,0,1,0,1,7,0,450
3,2,125,0,1,0,1,28,0,830
3,2,117,3,1,0,0,28,0,880
3,2,118,0,1,0,0,20,0,439
5,2,87,3,1,2,1,27,0,720
3,2,115.14,0,1,0,0,24,0,345
3,2,119.93,0,1,1,1,7,0,522
5,2,201,2,1,1,1,19,0,1080
3,2,140,3,1,1,0,38,0,1000
3,2,114.74,0,1,1,0,7,0,450
3,2,114,0,1,1,0,8,0,460
3,2,161.41,3,1,2,0,20,0,1600
3,2,84.37,3,0,1,1,17,0,350
5,2,170,0,1,0,0,20,0,275
3,1,95.41,0,1,2,0,26,0,310
3,2,106,0,1,2,1,7,0,315
3,1,88.44,0,1,2,1,21,0,510
4,2,255,3,1,0,0,19,0,1000
3,2,115,0,1,2,1,5,0,435
3,2,139,0,1,2,1,11,0,588
3,2,102.73,0,1,0,1,49,0,380
3,2,94,3,1,0,0,21,0,530
4,2,198,0,1,1,1,26,0,738
4,2,140,0,1,0,0,18,0,335
4,2,131,2,1,2,0,70,0,390
4,2,131,3,1,2,0,118,0,390
4,2,98,0,1,0,1,16,0,420
3,2,145,0,1,0,0,4,0,445
3,2,113.11,0,1,2,0,3,0,470
3,2,106,3,1,1,0,17,0,340
3,1,110,3,1,2,0,12,0,440
7,2,174.32,3,1,2,1,23,0,980
3,2,89,3,1,1,0,16,0,270
3,2,113.25,3,1,2,0,27,0,353
3,2,153,2,0,0,0,65,0,810
3,2,115,0,1,2,1,17,0,799
3,2,119,0,1,2,0,14,0,480
3,2,158.78,3,1,2,0,34,0,580
3,2,123.4,0,0,2,1,12,0,230
5,2,168,3,1,1,1,24,0,530
3,2,110,0,1,0,0,3,0,460
3,2,125.05,0,1,0,1,38,0,625
3,3,131,0,1,2,1,7,0,510
4,2,105,0,1,1,0,9,0,370
4,2,142,0,1,1,0,10,0,570
3,1,89.76,3,1,2,1,3,1,589
4,2,132.74,3,1,2,1,13,1,910
1,0,22.28,0,1,0,1,17,0,125
3,2,73.14,0,1,0,1,31,2,428
2,1,53.09,2,1,1,0,64,11,199
3,1,91.73,3,1,1,1,57,2,395
3,2,106,0,1,1,1,14,9,440
2,1,69.82,3,0,1,1,35,0,520
2,2,81,2,1,1,0,7,0,490
2,2,82.26,0,1,2,0,19,0,280
3,1,80,0,0,1,1,32,2,240
2,2,74,0,1,0,0,4,4,388
2,1,71.22,0,0,2,0,39,0,170
4,2,133,0,0,2,0,183,0,150
2,2,97,0,1,2,1,6,0,700
3,2,148,2,1,0,0,16,1,280
2,2,62,2,0,1,1,18,1,320
4,2,101,2,1,0,0,20,0,500
2,2,64.81,0,0,0,0,3,0,220
1,1,45.8,3,1,1,1,6,0,458
3,2,87,0,1,2,1,67,0,160
3,2,106.66,0,0,1,0,91,0,180
2,1,56.36,3,1,1,1,33,1,198
2,2,76.08,2,0,1,0,7,0,305
3,2,87.35,0,1,0,1,6,0,260
2,1,84.67,0,1,0,1,1,0,400
3,2,95,0,1,2,0,2,0,339
2,1,66.02,3,1,0,1,1,0,420
3,2,104,0,1,1,1,5,0,290
3,2,123,0,1,2,0,1,0,420
4,2,161.14,0,1,0,1,9,0,950
3,2,125.62,2,1,2,0,5,1,625
3,2,111.07,3,1,2,0,20,0,350
4,2,174,2,1,0,1,5,1,1142
3,1,75.56,3,0,2,0,23,0,196
1,1,30.1,0,0,2,1,134,1,90
2,2,75.67,2,1,0,0,34,0,288
3,2,88.48,3,0,2,0,46,0,235
1,0,32.8,2,1,1,1,107,2,155
3,2,89.82,3,1,1,0,19,0,540
1,0,44,3,1,1,1,23,2,230
1,1,30,0,0,2,1,67,1,84
3,2,107.79,0,1,1,0,9,1,400
4,2,133,3,0,2,0,10,2,375
2,1,60.65,2,0,2,0,87,2,200
5,2,94.42,2,1,2,0,14,0,360
3,2,96.73,2,0,2,1,4,0,420
4,2,170.87,3,1,2,1,22,0,880
2,2,61.8,3,0,1,0,61,6,220
2,2,75.56,3,1,1,1,12,7,299
3,2,125.4,3,0,0,0,18,2,450
3,2,131.85,2,0,0,0,6,2,568
2,2,73.7,3,1,1,1,79,4,178
3,2,84.39,3,1,2,0,27,1,220
3,2,114.4,3,1,1,1,21,0,598
5,2,240.6,3,1,2,0,4,1,598
3,2,96.8,3,1,2,0,10,1,315
3,2,107,3,0,1,0,11,9,335
2,2,76.67,3,1,1,0,43,5,290
4,2,114.24,3,1,1,0,6,1,450
4,2,87.77,3,0,2,0,29,1,260
2,1,88.7,2,1,2,1,12,3,480
2,1,80.7,3,0,1,0,30,6,240
3,2,175.03,3,0,1,0,24,1,700
3,1,117,2,1,1,0,13,1,680
4,2,141.63,2,1,1,1,0,3,650
2,1,42.06,3,0,0,1,60,6,165
2,2,77.1,0,1,1,1,25,10,248
5,1,206,3,1,0,0,5,3,750
3,1,76.54,2,0,0,1,34,8,260
3,2,97,2,1,0,0,38,11,259
3,1,96.02,2,1,1,1,11,0,460
3,2,147.42,3,1,0,0,10,2,1085
3,1,92.08,2,0,1,0,53,1,149
4,2,157.6,3,1,0,0,3,1,560
4,2,174.21,0,1,0,1,4,3,900
7,3,301,3,1,2,0,10,1,950
3,2,99,2,0,1,0,10,1,280
4,2,194.32,3,1,2,1,9,1,1743
3,2,103,2,1,2,0,12,4,320
3,2,106,0,1,1,0,3,2,415
4,2,111.75,3,1,0,1,7,1,520
3,2,130.43,3,1,1,1,14,3,1380
3,2,75.97,2,0,2,0,13,6,265
4,2,153,3,1,1,1,16,1,630
3,2,111.18,3,1,1,0,7,3,470
4,2,147.44,3,1,1,0,12,1,860
3,2,137.5,3,0,2,0,41,3,260
3,2,107.09,3,1,1,0,11,3,435
3,2,87.93,2,0,1,0,12,3,240
3,2,102.81,2,1,1,0,11,2,350
3,2,139,0,0,2,0,0,0,300
3,2,149.34,0,1,1,1,4,0,330
3,2,161.3,0,1,2,0,3,0,550
4,2,124.94,0,1,0,0,6,0,250
3,1,105.73,0,1,1,1,8,1,325
3,2,108.03,0,1,1,0,2,1,258
4,2,136.87,0,1,2,0,0,0,200
3,2,119.29,0,1,2,0,4,0,200
4,2,230.4,0,1,1,0,0,0,930
4,2,80.9,0,1,0,0,17,0,105
4,2,184.21,0,1,1,1,1,0,335
6,2,112.9,2,0,0,0,4,0,340
3,2,81.75,3,1,2,0,29,7,235
3,1,79.78,3,0,2,0,2,6,238
3,2,115,0,1,1,0,8,1,400
3,2,97.28,2,0,1,0,5,1,280
3,1,102,0,1,0,0,1,2,395
6,2,285,0,0,0,0,3,1,1500
3,2,102,0,1,1,0,0,2,612
3,2,126,2,1,1,1,3,1,700
4,2,90.33,0,1,2,0,6,4,400
2,2,92.06,0,1,0,0,3,0,580
3,2,110,0,1,2,1,2,5,448
3,2,111.19,3,1,2,1,5,0,660
3,2,119.78,0,0,0,1,1,0,500
2,1,58.66,2,0,1,0,11,0,160
2,2,67,0,1,0,0,3,0,310
3,2,95.84,3,0,2,0,5,0,230
2,2,78.98,3,1,2,0,3,0,355
3,1,91,3,0,1,0,1,0,360
3,2,84.41,0,0,2,0,0,0,290
1,1,59.71,0,1,0,1,5,0,450
3,2,84.06,3,1,1,0,5,0,306
2,1,65.6,0,0,2,1,5,1,160
2,2,84.84,0,1,1,0,1,0,400
2,2,66.51,0,1,1,0,2,0,290
3,1,88.4,0,0,2,0,0,0,188
3,1,90.53,0,1,1,1,1,0,680
2,2,77.02,0,1,0,1,5,0,220
2,1,79.01,0,0,1,1,0,0,420
1,1,41.59,0,0,2,1,2,0,200
2,2,73.25,3,1,1,1,1,0,300
1,1,40.44,0,0,2,1,4,0,118
2,1,71.71,0,0,2,1,1,0,235
1,0,32.08,0,0,0,1,2,0,110
2,2,59,3,0,2,0,1,0,170
2,1,71.84,0,1,0,1,3,0,370
2,1,71.72,0,0,2,0,0,0,400
2,1,75.55,0,0,2,1,1,0,230
1,1,47.35,2,0,0,1,6,0,200
3,2,104.3,0,1,0,0,0,0,285
1,1,41.7,0,0,2,1,0,0,145
2,2,74.45,0,1,1,0,1,0,250
2,2,80,3,1,1,1,0,0,520
2,1,75.8,3,0,2,1,1,0,230
3,2,96.82,0,1,2,1,0,0,768
3,2,52.65,0,1,1,1,1,0,239
3,2,78.34,3,1,1,1,3,0,430
3,2,108.08,3,1,2,1,1,0,435
2,1,58.79,2,0,2,1,1,0,270
2,2,99.35,3,1,2,0,0,0,260
2,2,67.66,2,1,1,0,1,0,285
1,1,27.73,2,1,2,1,3,0,140
2,2,68.47,3,1,1,0,1,0,260
2,1,57.66,0,1,2,0,0,0,155
1,0,25.18,0,1,1,0,1,0,136
3,1,71.29,0,0,2,0,1,0,200
2,1,82.05,3,1,0,0,0,0,260
2,1,39.5,0,0,2,1,4,0,172
2,2,74.12,0,1,2,0,2,0,468
3,2,79.21,0,0,1,0,1,0,248
3,2,118.98,0,1,1,1,1,0,630
2,1,61.56,0,1,2,0,2,0,360
2,1,54.6,0,0,0,1,2,0,318
1,1,58.02,3,1,1,0,72,5,86
2,2,96,2,1,1,0,1,0,175
2,1,43.64,2,0,0,1,8,1,180
2,1,76.14,2,1,2,0,38,6,245
2,2,83.61,0,1,1,0,81,6,230
2,1,45.83,0,1,2,1,212,6,137.5
2,2,74.52,0,1,2,0,17,0,295
1,0,46.91,2,1,1,0,89,1,200
2,1,65.96,3,1,1,1,37,9,410
1,1,39.11,3,1,0,1,16,0,220
2,2,93.43,3,1,1,1,22,0,535
3,2,76.75,3,1,0,1,57,0,390
3,2,107.66,2,1,0,0,17,0,400
1,2,53.58,2,0,2,1,20,2,215
2,1,60.29,0,1,2,1,49,6,310
2,1,48.24,2,0,1,1,41,3,168
3,2,112.73,3,1,2,0,6,5,338
3,2,110.83,2,1,2,0,21,5,425
2,1,69.5,2,0,1,1,4,3,230
2,1,76.19,2,0,2,1,48,0,350
1,1,29.61,2,0,2,1,30,0,120
1,1,34.76,2,1,2,1,50,11,145
3,1,88.5,2,1,2,1,18,0,390
2,2,81.44,2,1,1,1,11,0,285
3,1,65.11,2,0,0,1,22,8,250
2,2,95.9,2,1,1,1,37,2,205
1,1,46.36,0,0,0,1,22,0,112
3,1,95.53,0,1,1,1,8,8,260
2,1,55.34,0,0,2,0,6,3,150
5,2,228.19,2,1,0,1,21,14,600
3,2,84.59,2,0,1,1,15,3,430
2,2,81.49,2,0,0,0,11,2,200
1,1,62,2,1,2,1,9,4,345
3,2,84.62,2,0,0,0,22,14,492
1,1,43.31,0,1,0,1,11,0,173
3,1,108.1,0,1,1,1,5,5,388
1,0,29.24,0,0,2,0,15,2,80
2,2,73.56,3,1,1,0,13,2,239.8
2,1,50.1,0,0,1,0,55,13,110
3,2,98,3,1,1,0,51,2,253
3,1,73.5,2,0,2,0,11,5,188
3,2,99.1,1,1,1,0,4,11,220
2,2,86.79,3,1,0,0,4,6,195
4,2,64.66,0,1,1,1,45,0,297.5
5,2,195.48,0,1,0,0,11,0,700
2,2,80.6,3,1,2,1,30,1,340
2,2,83.74,2,1,0,1,32,2,580
2,1,72.03,2,1,0,0,54,1,270
2,2,85.55,3,1,2,1,22,2,518
3,2,100.94,3,1,0,1,75,0,450
2,1,64,2,0,2,0,114,3,188
2,1,65.72,3,1,2,0,13,4,215
3,2,83.53,2,1,1,0,65,1,255
4,2,54.08,3,1,0,0,21,0,170
4,2,91,3,1,2,0,67,0,295
4,2,96.76,0,1,2,0,29,0,295
1,1,54.29,2,0,2,0,47,1,165
5,2,183.52,0,0,2,0,35,0,385.4
3,2,131,0,1,0,0,7,0,730
3,2,79.02,3,0,1,1,42,4,290
3,2,94,0,1,0,0,9,0,320
4,2,134,0,1,1,0,24,0,450
2,1,64.65,0,0,2,1,125,1,250
2,2,74,3,0,0,1,23,4,333
3,2,86.96,2,1,0,0,63,1,435
3,2,72.79,0,1,0,0,153,0,185
2,1,86.35,3,1,2,1,17,1,480
2,2,79.39,2,1,1,1,45,4,348
1,1,66,0,1,2,1,142,1,240
3,1,94.87,0,1,1,0,62,2,315
4,3,89,0,1,2,1,4,0,290
3,1,64.89,0,1,1,1,85,1,238
3,2,91,0,1,0,0,9,1,478
3,2,91,0,0,2,1,47,1,290
4,2,63.49,0,1,1,1,38,0,292.1
4,2,62.69,0,1,1,1,52,0,288.4
3,2,92,0,1,2,1,30,2,435
4,2,168,0,1,2,1,7,0,800
3,1,78.52,3,0,0,0,40,2,215
2,2,66.64,3,1,2,1,18,2,448
4,2,145.14,0,1,2,0,9,0,470
3,2,97,3,1,0,0,5,0,380
4,2,133,0,1,2,0,3,0,545
4,2,143.78,3,1,2,0,1,0,630
3,1,68.48,2,1,2,0,118,3,180
5,2,81.9,0,1,0,0,16,0,368.6
2,1,64,3,1,0,0,21,1,215
2,2,89,3,1,1,1,26,3,468
3,2,98,0,1,0,0,4,1,375
3,2,163,2,1,0,0,7,0,620
3,2,113.39,2,0,1,0,6,0,330
1,1,38.18,3,0,2,0,98,1,98
2,2,65.93,3,1,0,1,21,1,445
3,2,88,2,1,2,1,31,1,350
3,2,66,0,0,2,0,94,1,355
3,2,210,0,1,1,0,3,0,630
4,2,135,0,1,1,0,2,0,628
2,2,90,0,1,0,1,357,5,110
2,2,58.61,2,1,2,1,34,3,295
2,2,86.72,2,0,1,0,34,1,250
3,2,144.36,2,1,1,1,4,0,950
1,1,62.13,3,1,0,1,45,1,254
2,2,86.18,3,1,1,0,59,1,260
3,1,148.32,0,1,0,1,6,0,750
6,2,216.76,2,1,2,1,14,0,1000
3,2,148.3,0,1,2,1,4,0,700
4,2,132.49,0,1,0,0,6,0,442
2,1,87.26,0,1,1,0,4,1,365
2,1,49.97,0,0,1,1,51,6,138
4,2,155,0,1,2,1,1,0,400
3,2,112.49,0,1,1,1,3,0,438
5,2,206.68,0,1,0,0,6,0,870
4,2,141.86,0,0,2,0,13,0,350
4,2,153,0,1,2,0,25,2,950
3,2,88.48,2,1,1,0,0,1,275
3,2,166.5,3,1,0,0,25,1,549
3,2,97,2,1,0,0,10,5,270
3,2,99.59,2,1,0,1,10,6,358
1,0,38.91,3,1,0,1,16,0,285
3,2,95.96,2,1,1,1,3,8,460
4,2,139.47,0,1,0,1,4,4,550
3,2,92,0,1,2,1,18,4,414
3,2,97.4,0,1,0,1,34,6,388
3,2,94.7,3,1,2,0,36,1,438
5,2,179.3,3,0,2,1,15,2,510
3,2,110.99,0,1,2,1,20,7,600
4,2,139.37,1,1,2,0,2,1,440
2,2,76,2,1,1,0,41,4,285
4,2,130,3,1,1,0,17,5,398
5,2,191.22,3,1,1,1,20,6,1435
2,1,73.94,2,1,2,1,17,1,318
3,2,111.94,3,1,2,1,3,4,725
4,2,146,0,1,2,0,11,4,450
3,2,109.19,3,1,1,0,4,5,666
2,2,62.13,3,1,1,1,32,7,260
3,2,111.67,3,1,0,1,16,4,545
3,2,113.07,3,1,0,0,10,1,408
1,1,34.03,3,1,1,1,19,23,165
4,2,176.38,0,1,0,1,0,0,398.8
3,2,100.44,3,1,1,1,3,0,300
3,2,111.25,0,1,1,1,0,1,399.5
3,1,69.38,0,0,1,1,10,0,230
1,0,27.91,2,1,2,1,10,0,129
2,2,75.42,3,1,2,0,5,2,260
4,2,145.02,0,1,1,1,12,1,550
3,2,92.4,0,1,1,0,0,0,398
3,2,111.85,0,0,0,0,1,0,410
3,1,75.99,0,0,0,0,2,2,468
3,2,92.94,2,1,2,0,0,0,500
3,2,86.68,2,1,0,1,0,0,480
3,2,99.5,0,1,2,0,0,0,475
3,2,156,0,1,0,1,5,0,580
4,2,142.9,3,1,0,0,2,0,580
3,2,99.44,0,1,0,0,0,0,458
3,2,90.49,3,1,2,1,4,0,340
3,2,96.95,0,1,0,0,0,0,245
3,2,133.8,0,1,1,0,0,0,380
3,2,106.2,0,1,2,0,0,0,430
4,2,145.4,0,0,2,0,0,1,460
4,2,176.17,0,1,0,0,1,1,145
3,2,94.7,0,1,2,1,1,1,256
4,2,120,0,1,0,1,0,0,780
1,1,42.75,3,0,0,0,20,5,155
3,2,98.16,0,1,0,0,10,2,410
2,2,73,0,1,2,0,1,1,338
2,2,75.77,3,1,0,0,0,3,455
3,2,106.06,3,1,0,0,0,0,230
2,1,39.71,2,0,1,1,23,2,205
2,2,106,3,1,2,1,18,1,450
2,2,70,2,0,1,0,2,0,250
2,1,73.95,2,1,0,1,7,0,440
2,2,88.74,0,1,0,1,91,0,186
2,1,82,0,1,1,1,5,0,306
2,2,60,0,0,2,1,313,0,150
3,2,114,0,0,1,1,15,0,260
3,2,102,3,1,2,1,7,0,730
3,2,115,2,1,1,1,14,0,350
2,1,69,2,0,2,1,37,0,210
2,2,83,2,1,2,0,129,0,235
2,2,72.47,3,1,1,1,20,0,350
2,1,75.21,2,0,2,1,0,0,220
3,2,115,3,1,1,1,9,0,428
2,1,65,3,0,0,0,3,0,195
2,1,67,2,0,1,0,4,0,260
2,2,92,2,1,1,0,8,0,260
2,2,76.33,2,1,1,1,15,0,516
1,1,36.32,0,1,1,0,51,0,95
3,2,60.62,0,0,1,1,77,0,158
2,2,69.31,0,0,2,0,10,0,170
1,0,40.26,3,1,2,1,31,1,275
4,2,182.51,0,1,0,1,14,0,1098
5,2,174.44,0,1,2,0,6,0,540
4,2,136.1,3,1,0,0,21,0,350
1,0,28,0,0,1,1,41,0,155
4,2,160.9,2,1,1,1,18,0,350
5,2,276.35,3,1,1,1,24,0,2070
3,2,115.04,3,1,2,1,11,0,625
3,2,205.97,2,1,0,1,9,0,2000
4,2,225.5,3,1,2,0,13,0,938
1,0,42,3,1,0,1,18,0,320
3,2,115.17,3,1,0,0,11,0,346
2,2,67.69,3,0,1,1,52,2,165
4,1,121.38,3,1,0,0,11,0,420
3,2,123,2,1,2,1,8,0,729
4,2,190.65,2,1,2,1,11,0,1615
3,2,123,3,1,1,1,12,0,780
5,2,127.16,3,1,2,0,14,0,450
4,2,127.14,3,1,0,0,16,0,760
3,2,112.33,3,1,2,1,16,1,850
3,1,90.4,3,0,2,0,0,0,270
2,1,79,2,1,2,1,27,1,235
4,2,148.49,2,1,2,0,19,0,640
5,2,142.43,2,0,1,1,17,0,760
6,3,276.8,3,1,2,0,15,0,730
3,2,127,0,1,2,0,4,0,565
3,2,96.92,3,1,2,0,10,0,348
3,2,118.65,3,1,0,1,15,0,650
4,2,145,3,1,0,0,16,0,600
2,1,75.3,2,0,2,1,209,16,140
4,2,127.5,3,1,2,1,7,0,738
3,2,136.36,0,1,1,0,4,0,405
2,1,64.93,2,0,2,1,71,1,210
3,2,112,3,1,1,1,12,0,420
3,2,102,2,1,0,1,18,1,435
4,2,113.88,2,1,2,1,24,0,525
4,2,141.18,3,1,1,0,11,0,608
4,2,126.15,2,1,1,0,0,0,575
3,2,94.01,3,1,0,0,19,6,265
3,2,108.89,0,1,2,0,9,0,680
3,2,99.5,3,0,2,0,8,0,350
4,2,84.5,2,0,1,0,5,1,320
2,1,101,3,1,0,0,15,9,340
2,2,84.66,3,1,1,1,17,6,205
2,2,81.53,0,1,1,1,3,7,440
2,1,36.25,0,0,2,1,18,7,150
2,1,44.2,0,0,1,0,27,9,140
1,1,52,0,0,2,1,3,8,180
2,2,70,0,1,1,0,7,5,410
2,2,60.3,2,0,2,1,116,5,105
2,2,76.15,0,1,0,0,12,6,268
2,2,76.77,0,1,2,0,0,5,300
3,2,91,0,0,1,0,7,6,165
1,1,31.45,0,1,1,0,19,9,75
2,2,82.1,0,1,2,1,8,9,210
3,2,106.13,2,1,1,0,7,6,208
2,2,86,0,1,2,1,3,5,220
2,1,72,0,0,2,0,3,10,180
3,1,90.13,2,1,2,0,20,9,342
3,2,107.5,2,1,2,0,2,7,330
3,2,94.78,3,1,2,1,7,7,190
2,1,50.8,0,0,0,0,19,11,122
2,1,50,0,0,0,0,6,13,118
2,2,76.62,0,1,1,1,6,10,560
2,1,43.68,0,1,1,1,32,8,105
3,2,95.44,1,1,0,0,9,9,298
3,2,103.7,2,1,1,0,17,9,270
2,1,65.21,0,1,2,0,1,7,230
2,1,55.02,1,0,1,0,58,11,188
2,1,61.68,2,0,1,0,33,13,215
3,1,74.5,2,0,1,1,3,4,435
2,2,78.6,2,1,2,1,7,3,225
2,2,75.07,2,1,0,1,9,0,300
1,1,46.73,0,1,0,1,39,0,240
1,1,52.55,3,0,2,1,77,6,143
3,2,108.4,2,1,1,0,2,0,290
1,1,45,2,0,0,0,6,2,112
1,0,25.7,2,1,2,1,110,7,75
1,1,82.18,0,1,2,1,6,0,188
3,2,96.3,3,0,2,0,7,0,280
2,2,88.71,3,1,2,1,7,2,600
3,2,100,2,1,0,0,11,1,390
2,2,63.82,3,1,0,0,12,1,268
3,2,110.55,2,0,2,0,2,10,738
1,0,30.09,0,1,1,1,10,2,110
1,1,39.44,3,1,2,1,2,0,165
3,2,103.7,3,1,2,1,5,1,410
3,2,109.11,3,1,2,0,9,1,310
2,1,60.06,3,0,2,0,50,1,200
1,0,31.62,2,1,1,1,21,5,137.5
3,1,57.49,2,0,2,1,19,7,265
4,1,83.61,2,1,0,0,8,2,135
2,1,72.73,0,1,2,1,27,4,200
2,2,77.36,3,1,1,0,12,5,330
1,1,44.64,0,1,0,1,12,1,475
1,0,27.36,3,1,1,1,44,16,126
3,2,91.11,3,1,2,0,20,7,270
3,1,73.5,2,0,1,0,18,1,138
3,1,84.47,2,0,2,1,3,2,289
2,1,79.34,2,1,1,1,23,9,357
3,2,90.37,2,0,2,1,5,1,530
3,2,137.04,3,1,2,0,4,3,1020
2,1,72.94,2,0,1,1,7,3,215
2,2,88.1,3,1,0,0,1,0,250
2,2,67.6,2,0,2,0,3,0,230
3,2,131.86,0,1,1,0,0,0,400
3,2,92.6,0,0,2,1,1,0,180
2,2,72,3,1,1,0,2,4,280
2,1,72.76,2,1,0,1,4,0,242
3,2,97.4,2,0,2,0,5,3,230
3,1,76.78,0,1,0,0,50,16,235
3,2,106.26,2,0,1,1,5,0,170
2,2,51.8,2,0,2,0,30,0,188
2,2,84.6,3,1,1,0,6,0,285
3,2,127.52,2,1,2,0,4,0,530
2,1,79.94,3,1,2,1,1,0,280
2,1,79.94,3,1,2,1,1,0,280
3,1,96.4,2,0,2,0,15,0,188
3,1,81.3,2,1,0,1,2,0,374
2,2,74.61,2,1,0,0,5,1,280
2,1,60.47,3,0,2,0,13,1,210
3,2,86.6,2,0,2,0,1,0,320
2,2,77.97,2,1,1,1,2,0,420
2,2,67.99,2,0,2,0,23,0,142
3,2,114.62,3,1,1,1,1,0,520
2,1,58.25,3,1,2,0,11,0,240
3,1,101.74,2,0,2,0,3,0,378
1,2,39.96,3,1,2,1,8,0,320
3,2,103.6,2,0,1,1,3,0,220
2,2,88.54,3,1,0,0,4,0,436
2,2,66.37,0,0,1,1,2,0,450
2,1,82.35,3,0,0,0,1,0,330
3,2,65.6,2,0,2,0,17,0,200
3,2,87.1,2,0,1,0,3,0,180
3,2,83,3,1,2,0,2,0,500
2,1,84,2,1,0,0,4,0,430
2,2,88.97,2,1,2,0,0,0,570
2,2,73.77,2,1,1,1,3,0,295
3,2,97.25,3,1,2,0,6,0,338
2,1,78.45,2,1,1,1,3,0,390
3,2,92.61,3,0,2,0,1,0,233
2,2,70.5,3,0,1,1,5,0,245
4,2,131.12,3,1,0,1,5,0,305
2,2,48.35,2,0,2,0,6,0,135
1,1,72.9,3,1,0,1,6,0,680
3,2,119,3,1,2,1,1,0,245
1,1,54,2,1,2,0,2,0,243
2,1,73.85,0,1,1,0,2,0,182
3,2,99.48,0,1,2,0,6,0,180
3,2,65.7,2,1,1,0,18,1,170
2,1,84,3,0,1,1,1,0,240
3,2,126.5,3,1,0,1,1,0,580
2,2,76.2,3,0,1,0,3,0,230
3,2,99.58,2,0,1,0,3,0,275
2,2,89.81,2,1,2,1,4,0,535
2,2,73.7,2,1,1,0,0,0,205
2,1,54.5,2,0,1,0,8,0,125
3,1,70.7,2,0,1,0,2,0,145
2,2,71.34,3,1,2,1,2,0,320
2,1,48.65,2,0,2,1,1,0,230
2,2,69.17,2,0,2,1,18,0,155
3,2,79,3,1,1,1,6,0,280
2,2,85.39,2,1,1,1,4,0,450
3,2,93.15,3,1,0,0,0,0,240
2,2,87.6,3,1,0,0,3,0,360
3,2,91.27,2,0,1,0,1,0,303
3,2,79.18,3,0,1,0,2,0,225
2,1,81.96,2,0,1,1,4,0,220
2,1,57.33,3,0,1,0,4,0,148
3,2,113.5,3,0,0,0,1,0,300
2,2,76.8,2,1,2,0,4,0,233
3,2,132.51,0,1,1,0,28,5,375
2,1,80.3,2,1,1,1,8,0,375
2,2,64.81,2,1,1,1,2,0,268
2,1,57.26,0,0,0,1,0,0,235
2,1,75.38,2,1,2,0,0,0,300
