predictvalues,realvalues
0.818800036,0.808698305
0.843604196,0.804884746
0.823827692,0.845562712
0.829931958,0.837935593
0.821478698,0.820816949
0.821942274,0.809969492
0.856891684,0.824376271
0.873742519,0.816749153
0.817192769,0.8098
0.807906706,0.80420678
0.836654805,0.829291525
0.896407144,0.820986441
0.820511546,0.806410169
0.843773415,0.834545763
0.848997349,0.803613559
0.831579452,0.841325424
0.808183713,0.820986441
0.929791078,0.844715254
0.812076881,0.868020339
0.864752992,0.812511864
0.809728523,0.819122034
0.805464151,0.822257627
0.816217199,0.877766102
0.854079701,0.802766102
0.822079127,0.812935593
0.807560093,0.813528814
0.851025752,0.81759661
0.81355283,0.805732203
0.82041586,0.804037288
0.833203457,0.814461017
0.889048959,0.81420678
0.904799723,0.836071186
0.819248977,0.831579661
0.819896666,0.840054237
0.867886131,0.813274576
0.874205984,0.81420678
0.835870948,0.837766102
0.914469985,0.817172881
0.827838013,0.806833898
0.847639231,0.805647458
0.854033778,0.803613559
0.817263617,0.804291525
0.836510756,0.809969492
0.838569768,0.819291525
0.815890453,0.828189831
0.813036106,0.818444068
0.855937281,0.833698305
0.878359008,0.815901695
0.832587438,0.809291525
0.810322777,0.81039322
0.830484612,0.806579661
0.832544981,0.815901695
0.828240706,0.812935593
0.851090792,0.809037288
0.811557128,0.837935593
0.819192605,0.823189831
0.838612901,0.819884746
0.849510253,0.810816949
0.832865505,0.81759661
0.831797609,0.81039322
0.862025224,0.809122034
0.812402826,0.803528814
0.821788904,0.808274576
0.842402253,0.80700339
0.855794202,0.804461017
0.826042491,0.808528814
0.815312031,0.804037288
0.828299169,0.898105085
0.810483779,0.866749153
0.8173736,0.81759661
0.894290862,0.811664407
0.837994957,0.802172881
0.821145178,0.870138983
0.827781878,0.819291525
0.929115118,0.833952542
0.834047719,0.820138983
0.814055007,0.809630508
0.808997317,0.808105085
0.877596225,0.813613559
0.829905858,0.803444068
0.817799739,0.81039322
0.87337086,0.811240678
0.815548491,0.81039322
0.836525446,0.815054237
0.844816424,0.809037288
0.809657032,0.809969492
0.82849343,0.807766102
0.808374643,0.812342373
0.845828171,0.815732203
0.904950726,0.810477966
0.886414536,0.834545763
0.847568892,0.805308475
0.827581977,0.823528814
0.813753972,0.812511864
0.907699397,0.828613559
0.830015657,0.818444068
0.832080984,0.819715254
0.834899086,0.826071186
0.871499135,0.815901695
0.853692118,0.810477966
0.809145316,0.811240678
0.839469922,0.806410169
0.846438429,0.839291525
0.900139437,0.804545763
0.896000532,0.830308475
0.838787086,0.813783051
0.884177668,0.809969492
0.898626203,0.828189831
0.859094358,0.827766102
0.84003539,0.802766102
0.839963218,0.818867797
0.823942878,0.828613559
0.82827188,0.821664407
0.832433565,0.81420678
0.945273219,0.809969492
0.834161795,0.807257627
0.839195283,0.8048
0.892040774,0.815477966
0.83264865,0.804715254
0.821558973,0.821579661
0.879899796,0.852766102
0.851792641,0.807257627
0.843480945,0.840901695
0.852843402,0.812935593
0.845124578,0.828613559
0.833131835,0.825901695
0.856015864,0.8498
0.809728055,0.817342373
0.833185155,0.805138983
0.819049348,0.835816949
0.839470793,0.910816949
0.83731215,0.807850847
0.830320595,0.821833898
0.827985237,0.805986441
0.825778495,0.850647458
0.851840855,0.806579661
0.824730315,0.821833898
0.810652148,0.810816949
0.818000977,0.810647458
0.843002181,0.806410169
0.851931872,0.810816949
0.815426036,0.809122034
0.8694359,0.825223729
0.827552962,0.818359322
0.850930358,0.8098
0.814937243,0.812511864
0.825873312,0.855732203
0.821082454,0.833274576
0.831296804,0.822681356
0.809645649,0.850647458
0.844907512,0.828613559
0.839702805,0.809969492
0.850115059,0.815054237
0.847359938,0.809969492
0.888103239,0.809630508
0.968607074,0.811240678
0.851349002,0.823528814
0.833844379,0.829461017
0.813583398,0.829037288
0.825907333,0.879630508
0.806907757,0.816749153
0.863493721,0.825223729
0.827507907,0.809969492
0.832863572,0.824376271
0.844587711,0.832172881
0.818999854,0.813020339
0.81243176,0.821833898
0.815873226,0.806155932
0.805587113,0.829944068
0.867316598,0.826749153
0.841697195,0.7998
0.843211234,0.815901695
0.816479138,0.806240678
0.856821641,0.834545763
0.809509691,0.812935593
0.844041997,0.837935593
0.814928269,0.812511864
0.811223154,0.857342373
0.82297624,0.804884746
0.929988762,0.806579661
0.825709292,0.80759661
0.867780856,0.841325424
0.832965582,0.81759661
0.808944916,0.831579661
0.947524838,0.841350847
0.850798265,0.81759661
0.823040281,0.818444068
0.835503125,0.84259661
0.863599242,0.86420678
0.817550631,0.816749153
0.825954208,0.815901695
0.814236024,0.808528814
0.832861115,0.822257627
0.845826369,0.815901695
0.869471985,0.855732203
0.829689199,0.8248
0.854661023,0.893867797
0.861085768,0.827342373
0.820863126,0.9998
0.80807929,0.855732203
0.823835373,0.828189831
0.841610008,0.80539322
0.828993342,0.811664407
0.812542326,0.811664407
0.836641674,0.808698305
0.832163557,0.906579661
0.866575276,0.843020339
0.835826605,0.821833898
0.851110987,0.803528814
0.830603913,0.808444068
0.857953077,0.815477966
0.82617005,0.815562712
0.837046456,0.818274576
0.813187607,0.832850847
0.823874487,0.808105085
0.891114951,0.805562712
0.849422881,0.81759661
0.837648712,0.824376271
0.901406559,0.818444068
0.888473175,0.80759661
0.807056205,0.803189831
0.809554691,0.811918644
0.825196936,0.806410169
0.808278562,0.836240678
0.812409212,0.819291525
0.829772621,0.826918644
0.827904831,0.872681356
0.846343505,0.894122034
0.827344725,0.851494915
0.84878314,0.827766102
0.889962706,0.816579661
0.869558622,0.889630508
0.810980607,0.859122034
0.913802261,0.837088136
0.860173514,0.876918644
0.80798875,0.844715254
0.846188702,0.813189831
0.829526032,0.819715254
0.810507534,0.839630508
0.820244224,0.841325424
0.869836736,0.856579661
0.809207421,0.823528814
0.823970325,0.807088136
0.80920772,0.844715254
0.867703157,0.807681356
0.867648257,0.802172881
0.843715921,0.855732203
0.848953305,0.815054237
0.835283077,0.816155932
0.812684873,0.837511864
0.832276861,0.830308475
0.81457334,0.834545763
0.847836917,0.827766102
0.816699906,0.811664407
0.842884462,0.819715254
0.836934696,0.831579661
0.889173403,0.81420678
0.818856231,0.81759661
0.840871302,0.802766102
0.857539746,0.813359322
0.898241608,0.811240678
0.904451582,0.846410169
0.84581035,0.804037288
0.90199179,0.813020339
0.862468988,0.829037288
0.841860109,0.818444068
0.857548913,0.824376271
0.852535068,0.824376271
0.856514591,0.803189831
0.855718398,0.820138983
0.834624276,0.852766102
0.815872462,0.827766102
0.862479289,0.826071186
0.86503331,0.80700339
0.936643195,0.868444068
0.827943323,0.825647458
0.826143824,0.820138983
0.9202977,0.815477966
0.848044861,0.86420678
0.821410793,0.859122034
0.818473961,0.815054237
0.85214748,0.818444068
0.844672351,0.821664407
0.830001719,0.83539322
0.888811527,0.802766102
0.815968919,0.808274576
0.809243781,0.811240678
0.92032102,0.826071186
0.950497414,0.809545763
0.823993624,0.801071186
0.839795775,0.808274576
0.809227544,0.881579661
0.84727632,0.816749153
0.814652592,0.828613559
0.819328815,0.832850847
0.840154748,0.82039322
0.922760044,0.808359322
0.838519336,0.831155932
0.843268018,0.828122034
0.87379062,0.813783051
0.817732189,0.848952542
0.7998,0.826071186
0.833923441,0.832850847
0.852578657,0.822681356
0.811149061,0.815054237
0.811112396,0.809122034
0.820123689,0.813359322
0.836186362,0.834545763
0.874036904,0.820562712
0.854244219,0.81420678
0.82422676,0.840477966
0.819701686,0.819291525
0.801883411,0.805308475
0.83678978,0.826918644
0.832225649,0.816325424
0.81168227,0.831579661
0.823033434,0.855732203
0.820615931,0.848613559
0.820782389,0.813783051
0.840404942,0.809037288
0.853730415,0.811240678
0.833808135,0.817427119
0.863986613,0.848952542
0.839110966,0.819291525
0.82029388,0.808274576
0.820522124,0.808528814
0.806388739,0.818444068
0.849332475,0.826071186
0.891040888,0.822850847
0.848095334,0.803189831
0.85449288,0.803698305
0.837674434,0.823952542
0.834150817,0.866749153
0.823205203,0.820138983
0.813010658,0.816749153
0.847812699,0.814630508
0.811853681,0.810477966
0.828646274,0.863952542
0.820466171,0.804715254
0.810896548,0.823528814
0.817298225,0.836240678
0.811640606,0.807427119
0.863734678,0.8248
0.854198181,0.806579661
0.826044623,0.81420678
0.83073033,0.826071186
0.83065716,0.828613559
0.822705503,0.839630508
0.809543992,0.814630508
0.845225808,0.805054237
0.834994533,0.818867797
0.892188784,0.828613559
0.830198465,0.814884746
0.807123897,0.807427119
0.880373059,0.807850847
0.853009594,0.815054237
0.81522566,0.815477966
0.808674963,0.834545763
0.830408289,0.821833898
0.835065649,0.808783051
0.826324115,0.8248
0.821794134,0.807850847
0.806099985,0.827766102
0.838344634,0.81420678
0.815488961,0.81420678
0.826772921,0.868444068
0.838649867,0.811664407
0.887354235,0.819291525
0.931688557,0.851494915
0.846487652,0.826071186
0.9998,0.836664407
0.878477713,0.826579661
0.801397936,0.820562712
0.824629451,0.826155932
0.90128588,0.817427119
0.844990544,0.825054237
0.831474696,0.808189831
0.811050742,0.836071186
0.942763046,0.876071186
0.816951657,0.819291525
0.865483668,0.847257627
0.856974157,0.858274576
0.881558889,0.804884746
0.805614786,0.817427119
0.865613346,0.807850847
0.862745736,0.872681356
0.829980326,0.870138983
0.814216542,0.846410169
0.81683682,0.814630508
0.835463615,0.802342373
0.858559068,0.825223729
0.845828663,0.83539322
0.806840697,0.807850847
